City_ID,City,Lat,Lng,Max Temp,Humidity,Cloudiness,Wind Speed,Country,Date
0,Vaini,-21.2,-175.2,79.86,71,13,10.63,TO,2022-02-02 02:00:16
1,Luanda,-8.8368,13.2343,75.29,80,44,8.77,AO,2022-02-02 02:00:17
2,Colac,-38.3333,143.5833,66.0,50,100,9.82,AU,2022-02-02 02:00:19
3,Khani,41.9563,42.9566,36.97,75,28,9.57,GE,2022-02-02 02:00:19
4,Dharchula,29.85,80.5333,44.06,37,0,7.23,IN,2022-02-02 01:55:52
5,Rikitea,-23.1203,-134.9692,78.44,69,86,5.55,PF,2022-02-02 02:00:21
6,Hermanus,-34.4187,19.2345,66.9,83,3,3.53,ZA,2022-02-02 02:00:22
7,Castro,-24.7911,-50.0119,63.07,95,89,5.48,BR,2022-02-02 02:00:23
8,Albany,42.6001,-73.9662,29.05,69,100,1.01,US,2022-02-02 01:57:13
9,Manado,1.487,124.8455,84.97,74,40,3.44,ID,2022-02-02 01:59:50
10,Bismil,37.8486,40.6658,40.73,90,95,1.21,TR,2022-02-02 02:00:24
11,Naze,28.3667,129.4833,55.49,73,100,13.76,JP,2022-02-02 02:00:25
12,Oroville,39.5138,-121.5564,56.73,46,0,7.47,US,2022-02-02 02:00:01
13,Bredasdorp,-34.5322,20.0403,73.15,76,6,3.62,ZA,2022-02-02 02:00:26
14,Pendencias,-5.26,-36.7222,79.38,73,26,9.84,BR,2022-02-02 02:00:27
15,Rio Gallegos,-51.6226,-69.2181,48.67,60,95,31.27,AR,2022-02-02 02:00:28
16,Bluff,-46.6,168.3333,72.81,73,86,10.31,NZ,2022-02-02 02:00:28
17,Tiksi,71.6872,128.8694,-9.4,96,100,6.96,RU,2022-02-02 02:00:29
18,Ushuaia,-54.8,-68.3,38.48,94,100,4.59,AR,2022-02-02 02:00:30
19,Idah,7.1065,6.7342,72.55,43,5,0.96,NG,2022-02-02 02:00:30
20,Punta Arenas,-53.15,-70.9167,46.11,65,99,23.44,CL,2022-02-02 02:00:31
21,Richmond,37.5538,-77.4603,35.65,79,39,4.25,US,2022-02-02 01:56:25
22,Busselton,-33.65,115.3333,74.05,40,52,16.24,AU,2022-02-02 02:00:32
23,Biak,-0.9131,122.8766,82.06,62,100,2.35,ID,2022-02-02 02:00:32
24,Tuktoyaktuk,69.4541,-133.0374,-23.89,100,100,5.23,CA,2022-02-02 02:00:33
25,Coahuayana,18.7333,-103.6833,69.91,68,0,0.47,MX,2022-02-02 02:00:33
26,Saint George,37.1041,-113.5841,44.94,24,45,24.0,US,2022-02-02 01:57:53
27,Kapaa,22.0752,-159.319,77.11,59,14,1.01,US,2022-02-02 02:00:34
28,Sardulgarh,29.7,75.25,48.36,68,1,0.87,IN,2022-02-02 02:00:35
29,Kualakapuas,-3.0091,114.3876,86.81,65,100,0.85,ID,2022-02-02 02:00:35
30,Vardo,70.3705,31.1107,28.74,63,100,10.87,NO,2022-02-02 02:00:36
31,Samarai,-10.6167,150.6667,82.51,74,100,9.89,PG,2022-02-02 02:00:36
32,Esperance,-33.8667,121.9,69.57,48,32,17.47,AU,2022-02-02 02:00:37
33,Airai,-8.9266,125.4092,72.01,58,79,5.35,TL,2022-02-02 02:00:38
34,Flinders,-34.5833,150.8552,70.21,80,100,12.41,AU,2022-02-02 01:56:29
35,Saint-Philippe,-21.3585,55.7679,80.15,93,100,24.29,RE,2022-02-02 02:00:38
36,Hilo,19.7297,-155.09,78.53,73,75,8.05,US,2022-02-02 02:00:14
37,Tasiilaq,65.6145,-37.6368,10.56,72,100,5.1,GL,2022-02-02 02:00:39
38,Atuona,-9.8,-139.0333,78.87,72,8,18.41,PF,2022-02-02 02:00:40
39,Vao,-22.6667,167.4833,78.39,83,99,20.42,NC,2022-02-02 02:00:40
40,Horodnya,51.8909,31.5974,18.14,96,98,7.36,UA,2022-02-02 02:00:41
41,Longyearbyen,78.2186,15.6401,22.84,63,75,3.44,SJ,2022-02-02 02:00:41
42,Navrongo,10.8956,-1.0921,68.22,11,91,8.72,GH,2022-02-02 02:00:42
43,Kumluca,36.3703,30.2869,49.68,84,100,6.06,TR,2022-02-02 02:00:42
44,Port Hedland,-20.3167,118.5667,86.05,79,100,5.75,AU,2022-02-02 02:00:43
45,Butaritari,3.0707,172.7902,82.22,76,17,12.35,KI,2022-02-02 02:00:43
46,Zvishavane,-20.3267,30.0665,66.11,85,9,3.33,ZW,2022-02-02 02:00:44
47,Asau,46.4333,26.4,25.75,91,91,5.84,RO,2022-02-02 02:01:45
48,Eskilstuna,59.3666,16.5077,25.0,93,100,1.01,SE,2022-02-02 02:01:45
49,Lavrentiya,65.5833,-171.0,0.45,83,1,14.72,RU,2022-02-02 02:01:46
50,Zhigansk,66.7697,123.3711,-26.82,99,90,9.01,RU,2022-02-02 02:01:46
51,Padang,-0.9492,100.3543,80.65,79,100,2.55,ID,2022-02-02 02:01:47
52,Egvekinot,66.3167,-179.1667,-4.94,84,68,19.66,RU,2022-02-02 02:00:42
53,Thompson,55.7435,-97.8558,-18.24,86,84,10.47,CA,2022-02-02 02:00:11
54,Hithadhoo,-0.6,73.0833,82.44,71,10,12.21,MV,2022-02-02 02:00:57
55,New Norfolk,-42.7826,147.0587,62.92,49,76,1.99,AU,2022-02-02 02:01:48
56,Araouane,18.9048,-3.5265,66.29,20,45,12.24,ML,2022-02-02 01:59:17
57,Viedma,-40.8135,-62.9967,68.45,55,100,14.12,AR,2022-02-02 02:01:49
58,Xiantao,30.3833,113.4,38.07,71,100,6.06,CN,2022-02-02 02:01:50
59,Tarbert,55.8628,-5.4162,47.32,96,100,5.46,GB,2022-02-02 02:01:50
60,Northam,51.0333,-4.2167,49.6,89,100,15.39,GB,2022-02-02 02:01:51
61,Cabo San Lucas,22.8909,-109.9124,70.52,60,0,5.99,MX,2022-02-02 02:01:51
62,Namie,37.4833,141.0,41.97,54,84,9.98,JP,2022-02-02 02:01:52
63,Yuci,37.6803,112.7319,20.95,49,0,0.0,CN,2022-02-02 02:01:52
64,Mehamn,71.0357,27.8492,16.88,81,90,9.84,NO,2022-02-02 02:01:53
65,Chumikan,54.7183,135.315,-2.78,78,29,14.27,RU,2022-02-02 02:01:53
66,Dikson,73.5069,80.5464,2.16,94,100,16.62,RU,2022-02-02 02:00:46
67,Manggar,-2.8833,108.2667,83.98,65,26,5.57,ID,2022-02-02 02:01:54
68,Oparino,59.8518,48.2783,24.06,93,99,8.39,RU,2022-02-02 02:01:55
69,Ribeira Grande,38.5167,-28.7,59.52,73,63,12.82,PT,2022-02-02 02:01:55
70,Samana,19.2056,-69.3369,72.63,89,35,8.48,DO,2022-02-02 02:01:56
71,Lidkoping,58.5052,13.1577,28.29,3,100,8.66,SE,2022-02-02 01:58:01
72,Sivaki,52.6333,126.75,-1.39,75,12,10.11,RU,2022-02-02 02:01:56
73,Clyde River,70.4692,-68.5914,-29.25,82,90,2.57,CA,2022-02-02 02:01:57
74,Khandyga,62.6667,135.6,-23.33,95,100,1.66,RU,2022-02-02 02:01:57
75,Huarmey,-10.0681,-78.1522,71.74,78,82,8.95,PE,2022-02-02 02:01:58
76,Lagoa,39.05,-27.9833,58.95,71,13,13.33,PT,2022-02-02 02:01:58
77,Souillac,-20.5167,57.5167,80.37,93,100,29.15,MU,2022-02-02 02:01:59
78,Narsaq,60.9167,-46.05,14.22,83,14,4.72,GL,2022-02-02 02:01:59
79,Bathsheba,13.2167,-59.5167,77.2,80,8,11.48,BB,2022-02-02 02:02:00
80,Kutum,14.2,24.6667,54.43,25,0,6.49,SD,2022-02-02 02:02:01
81,Maniitsoq,65.4167,-52.9,7.7,79,100,9.57,GL,2022-02-02 02:02:01
82,Barrow,71.2906,-156.7887,-16.58,69,0,10.36,US,2022-02-02 02:02:02
83,Port Alfred,-33.5906,26.891,77.63,74,100,6.55,ZA,2022-02-02 02:02:02
84,Pacific Grove,36.6177,-121.9166,56.43,68,0,1.99,US,2022-02-02 01:57:11
85,Katsuura,35.1333,140.3,48.31,39,0,16.98,JP,2022-02-02 02:02:03
86,Klaksvik,62.2266,-6.589,34.72,66,100,23.15,FO,2022-02-02 02:01:09
87,Saint-Francois,46.4154,3.9054,45.68,99,100,8.05,FR,2022-02-02 02:02:04
88,Cape Town,-33.9258,18.4232,68.11,82,43,11.01,ZA,2022-02-02 02:02:04
89,Upata,8.0086,-62.3989,72.19,82,11,6.29,VE,2022-02-02 02:02:05
90,Torbay,47.6666,-52.7314,19.58,64,20,13.8,CA,2022-02-02 01:57:44
91,Berlevag,70.8578,29.0864,21.83,74,76,8.68,NO,2022-02-02 02:03:05
92,Alofi,-19.0595,-169.9187,76.89,94,75,11.5,NU,2022-02-02 01:59:06
93,Christchurch,-43.5333,172.6333,81.32,69,20,1.01,NZ,2022-02-02 02:03:06
94,Nizwa,22.9333,57.5333,65.57,31,22,3.13,OM,2022-02-02 02:03:07
95,Qaanaaq,77.484,-69.3632,-19.75,65,100,11.61,GL,2022-02-02 02:03:07
96,Guerrero Negro,27.9769,-114.0611,60.53,73,94,12.88,MX,2022-02-02 02:03:08
97,Zagare,56.3592,23.25,27.36,96,100,6.58,LT,2022-02-02 02:03:08
98,Luderitz,-26.6481,15.1594,63.3,92,61,8.08,NA,2022-02-02 02:03:09
99,Gore,-46.1028,168.9436,72.23,59,99,5.32,NZ,2022-02-02 02:03:09
100,Hatsukaichi,34.35,132.3333,48.52,49,77,6.11,JP,2022-02-02 02:03:10
101,Oum Hadjer,13.2954,19.6966,62.31,18,1,8.34,TD,2022-02-02 02:03:10
102,Arraial Do Cabo,-22.9661,-42.0278,75.54,90,100,10.42,BR,2022-02-02 02:03:11
103,Hue,16.4667,107.6,64.51,100,75,6.91,VN,2022-02-02 02:00:31
104,Huntingdon,52.3305,-0.1865,50.79,88,100,1.99,GB,2022-02-02 02:03:12
105,Yellowknife,62.456,-114.3525,-28.44,90,14,4.0,CA,2022-02-02 02:00:47
106,Adrar,20.5022,-10.0711,68.07,19,81,10.0,MR,2022-02-02 02:01:27
107,Shiyan,32.6475,110.7781,38.43,53,100,3.4,CN,2022-02-02 02:03:13
108,Aklavik,68.2191,-135.0107,-17.39,100,97,3.85,CA,2022-02-02 02:03:04
109,Nacala,-14.5428,40.6728,71.58,97,26,5.55,MZ,2022-02-02 02:03:13
110,Saskylakh,71.9167,114.0833,-28.48,100,37,1.16,RU,2022-02-02 02:03:14
111,Pisco,-13.7,-76.2167,69.03,88,92,1.79,PE,2022-02-02 02:02:34
112,Liverpool,53.4106,-2.9779,51.75,91,100,8.99,GB,2022-02-02 02:02:28
113,Bagan,54.1001,77.6646,1.54,100,99,3.29,RU,2022-02-02 02:03:15
114,Piacabucu,-10.4056,-36.4344,78.6,77,3,8.14,BR,2022-02-02 02:03:16
115,Cherskiy,68.75,161.3,10.56,70,99,4.61,RU,2022-02-02 02:02:00
116,Talnakh,69.4865,88.3972,2.21,95,100,7.72,RU,2022-02-02 02:03:16
117,Hovd,48.0056,91.6419,-5.98,89,100,1.03,MN,2022-02-02 02:03:17
118,Hobart,-42.8794,147.3294,63.27,47,75,1.01,AU,2022-02-02 02:03:18
119,Riyadh,24.6877,46.7219,50.07,42,0,9.22,SA,2022-02-02 02:02:28
120,East London,-33.0153,27.9116,76.75,73,100,5.03,ZA,2022-02-02 02:03:19
121,Mahebourg,-20.4081,57.7,80.26,94,75,25.32,MU,2022-02-02 01:58:56
122,Toamasina,-18.1667,49.3833,73.69,86,98,12.46,MG,2022-02-02 02:03:19
123,Dehloran,32.6941,47.2679,49.71,60,0,3.94,IR,2022-02-02 02:03:20
124,Rodos,36.4408,28.2225,58.66,75,75,17.0,GR,2022-02-02 02:03:20
125,Ponta Do Sol,32.6667,-17.1,70.12,44,100,12.19,PT,2022-02-02 02:03:21
126,Bengkulu,-3.8004,102.2655,74.91,79,100,4.81,ID,2022-02-02 02:03:21
127,Dawlatabad,36.4141,64.9053,44.47,83,100,9.17,AF,2022-02-02 02:03:22
128,Baghdad,33.3406,44.4009,39.11,100,0,8.05,IQ,2022-02-02 02:03:22
129,Hirara,24.8,125.2833,69.67,69,89,15.82,JP,2022-02-02 02:03:23
130,Ancud,-41.8697,-73.8203,60.22,94,100,4.88,CL,2022-02-02 02:03:16
131,Puerto Ayora,-0.7393,-90.3518,75.54,95,100,1.99,EC,2022-02-02 02:03:24
132,Hamilton,39.1834,-84.5333,51.21,59,0,1.99,US,2022-02-02 02:02:41
133,Arman,59.7,150.1667,5.79,77,94,13.29,RU,2022-02-02 02:01:55
134,Umm Lajj,25.0213,37.2685,64.38,31,0,4.5,SA,2022-02-02 02:01:56
135,Beyneu,45.3167,55.2,33.19,83,5,8.34,KZ,2022-02-02 02:04:25
136,Abong Mbang,3.9833,13.1833,63.18,41,86,1.92,CM,2022-02-02 02:04:25
137,Dingle,10.9995,122.6711,82.09,74,100,11.81,PH,2022-02-02 02:04:26
138,Mataura,-46.1927,168.8643,72.48,64,97,5.46,NZ,2022-02-02 02:03:07
139,Saint-Joseph,-21.3667,55.6167,79.16,93,100,24.56,RE,2022-02-02 02:04:26
140,Lorengau,-2.0226,147.2712,78.93,83,100,6.33,PG,2022-02-02 02:04:27
141,Luwuk,-0.9516,122.7875,84.94,58,100,1.57,ID,2022-02-02 02:04:27
142,Port Macquarie,-31.4333,152.9167,78.89,100,100,6.91,AU,2022-02-02 02:04:28
143,Wanaka,-44.7,169.15,69.12,84,98,1.01,NZ,2022-02-02 02:04:28
144,Avarua,-21.2078,-159.775,84.25,74,91,12.66,CK,2022-02-02 02:04:29
145,Bandarbeyla,9.4942,50.8122,74.86,78,16,15.41,SO,2022-02-02 02:04:29
146,Issenye,-2.0,34.3333,62.83,97,100,3.65,TZ,2022-02-02 02:04:30
147,Basco,20.4487,121.9702,74.37,72,13,17.49,PH,2022-02-02 02:04:30
148,Sayyan,15.1718,44.3244,51.21,43,15,6.91,YE,2022-02-02 02:04:31
149,Bahia Blanca,-38.7196,-62.2724,71.37,47,100,12.97,AR,2022-02-02 02:00:17
150,Saldanha,-33.0117,17.9442,64.78,97,67,12.62,ZA,2022-02-02 02:04:32
151,Novooleksiyivka,46.2269,34.6428,37.63,78,100,3.31,UA,2022-02-02 02:04:32
152,Saint-Pierre,-21.3393,55.4781,80.24,89,75,36.82,RE,2022-02-02 02:01:16
153,Tuxpan,19.55,-103.4,64.17,69,0,3.27,MX,2022-02-02 02:04:33
154,Solec Kujawski,53.0837,18.2257,37.87,59,75,3.0,PL,2022-02-02 02:04:33
155,Ternate,0.8,127.4,82.27,66,100,5.61,ID,2022-02-02 02:04:34
156,Sisimiut,66.9395,-53.6735,6.75,89,100,11.36,GL,2022-02-02 02:02:26
157,Boende,-0.2167,20.8667,78.13,49,100,1.77,CD,2022-02-02 02:02:51
158,Lebu,-37.6167,-73.65,58.53,94,9,9.89,CL,2022-02-02 02:04:35
159,Okhotsk,59.3833,143.3,0.81,77,14,17.98,RU,2022-02-02 02:04:36
160,Jamestown,42.097,-79.2353,35.71,10,88,13.31,US,2022-02-02 02:00:32
161,Georgetown,5.4112,100.3354,84.13,75,20,1.01,MY,2022-02-02 02:02:02
162,Trairi,-3.2778,-39.2689,78.64,81,23,9.1,BR,2022-02-02 02:04:36
163,Meybod,32.2501,54.0166,38.41,79,0,2.06,IR,2022-02-02 02:04:37
164,Sur,22.5667,59.5289,71.33,63,5,5.1,OM,2022-02-02 02:04:37
165,Constitucion,-35.3333,-72.4167,57.33,93,13,3.76,CL,2022-02-02 02:00:41
166,Kodiak,57.79,-152.4072,38.71,87,100,6.91,US,2022-02-02 02:03:36
167,Sumenep,-7.0167,113.8667,84.13,71,72,6.13,ID,2022-02-02 02:04:39
168,Bouca,6.5105,18.2733,66.92,22,8,2.89,CF,2022-02-02 02:04:39
169,Hofn,64.2539,-15.2082,25.5,68,72,10.92,IS,2022-02-02 02:04:40
170,At-Bashi,41.1702,75.8106,-2.56,69,4,3.36,KG,2022-02-02 02:04:40
171,Karratha,-20.7377,116.8463,87.35,65,100,11.77,AU,2022-02-02 02:04:41
172,Sao Miguel Do Araguaia,-13.275,-50.1628,72.23,92,90,3.04,BR,2022-02-02 02:04:41
173,Vestmannaeyjar,63.4427,-20.2734,36.18,91,100,10.25,IS,2022-02-02 02:04:42
174,Provideniya,64.3833,-173.3,14.11,62,0,24.61,RU,2022-02-02 02:04:43
175,Avera,33.194,-82.5271,53.47,59,21,10.63,US,2022-02-02 02:04:43
176,Leningradskiy,69.3833,178.4167,-9.2,93,35,10.96,RU,2022-02-02 02:04:44
177,Acapulco,16.8634,-99.8901,80.42,65,20,9.22,MX,2022-02-02 02:02:34
178,Mogadishu,2.0371,45.3438,77.83,89,100,17.2,SO,2022-02-02 02:04:44
179,Kushmurun,52.4503,64.6311,14.2,87,100,9.06,KZ,2022-02-02 02:04:45
180,Shache,38.4167,77.2406,25.72,50,49,2.19,CN,2022-02-02 02:04:45
181,Mar Del Plata,-38.0023,-57.5575,71.1,83,0,1.01,AR,2022-02-02 02:05:46
182,Faanui,-16.4833,-151.75,81.07,76,11,19.86,PF,2022-02-02 02:05:46
183,Wajid,3.8093,43.2471,74.59,72,100,16.4,SO,2022-02-02 02:05:47
184,Saint-Georges,12.0564,-61.7485,78.48,83,20,11.5,GD,2022-02-02 02:05:47
185,Ferme-Neuve,46.7001,-75.4493,26.2,78,100,15.14,CA,2022-02-02 02:05:48
186,Cidreira,-30.1811,-50.2056,72.64,74,0,13.4,BR,2022-02-02 02:05:48
187,Tura,25.5198,90.2201,57.65,62,0,2.01,IN,2022-02-02 02:05:49
188,Victoria,22.2855,114.1577,60.94,92,100,1.99,HK,2022-02-02 02:05:49
189,Ilulissat,69.2167,-51.1,3.22,51,100,6.91,GL,2022-02-02 02:05:50
190,Lokosovo,61.1333,74.8167,-13.76,100,62,2.95,RU,2022-02-02 02:05:50
191,San Jose,37.3394,-121.895,58.98,32,0,4.61,US,2022-02-02 02:05:29
192,Bilma,18.6853,12.9164,53.49,23,0,6.04,NE,2022-02-02 02:05:51
193,Izhma,65.0083,53.9113,15.37,94,100,7.34,RU,2022-02-02 02:05:52
194,Komsomolets,53.7453,62.0708,19.69,84,100,14.58,KZ,2022-02-02 02:05:52
195,Brae,60.3964,-1.353,40.91,66,99,19.01,GB,2022-02-02 02:05:53
196,Demyanovo,60.3511,47.0842,24.8,93,99,8.37,RU,2022-02-02 02:05:53
197,Martapura,-3.4167,114.85,86.72,64,100,1.83,ID,2022-02-02 02:05:54
198,Miranda,3.2499,-76.2281,66.2,91,71,4.16,CO,2022-02-02 02:05:54
199,Mount Gambier,-37.8333,140.7667,60.55,50,95,9.78,AU,2022-02-02 02:05:55
200,Krasnoselkup,65.7,82.4667,-16.44,100,90,3.22,RU,2022-02-02 02:05:55
201,Los Llanos De Aridane,28.6585,-17.9182,68.13,70,0,7.0,ES,2022-02-02 02:05:56
202,Auki,-8.7676,160.7034,82.81,81,53,7.72,SB,2022-02-02 02:05:56
203,Nikolskoye,59.7035,30.7861,22.89,98,99,2.64,RU,2022-02-02 02:05:57
204,Satun,6.8333,100.0,80.6,58,34,3.71,TH,2022-02-02 02:05:58
205,Cayenne,4.9333,-52.3333,76.08,91,100,1.01,GF,2022-02-02 02:03:24
206,Kavieng,-2.5744,150.7967,81.79,74,100,6.08,PG,2022-02-02 02:05:58
207,Moerai,-22.4333,-151.3333,80.1,75,24,16.42,PF,2022-02-02 02:05:59
208,Grafton,42.207,-71.6856,31.84,74,100,3.44,US,2022-02-02 02:05:57
209,Haines Junction,60.7522,-137.5108,-6.93,93,100,1.74,CA,2022-02-02 02:03:07
210,Carnarvon,-24.8667,113.6333,84.27,70,98,14.97,AU,2022-02-02 02:05:21
211,Moron,-34.6534,-58.6198,76.98,72,0,6.6,AR,2022-02-02 02:06:00
212,Uray,60.1247,64.7758,19.63,87,100,10.47,RU,2022-02-02 02:06:01
213,Coquimbo,-29.9533,-71.3436,62.33,94,0,5.75,CL,2022-02-02 02:04:42
214,Kachiry,53.0675,76.1036,-0.22,100,91,4.52,KZ,2022-02-02 02:06:01
215,Shahr-E Babak,30.1165,55.1186,37.13,64,0,3.85,IR,2022-02-02 02:06:02
216,Husavik,66.0449,-17.3389,13.05,80,93,10.63,IS,2022-02-02 02:06:03
217,Abilene,32.4487,-99.7331,58.86,28,0,3.0,US,2022-02-02 02:03:27
218,Norman Wells,65.282,-126.8329,-24.0,100,67,1.72,CA,2022-02-02 02:01:05
219,Summerville,33.0185,-80.1757,49.8,70,100,1.01,US,2022-02-02 02:04:17
220,La Joya,18.6667,-99.4667,76.39,40,0,5.21,MX,2022-02-02 02:06:04
221,Zaza Del Medio,21.9961,-79.3669,68.23,82,6,8.41,CU,2022-02-02 02:06:04
222,San Quintin,30.4833,-115.95,58.48,69,51,9.01,MX,2022-02-02 02:06:05
223,Gumdag,39.2061,54.5906,41.9,88,0,5.86,TM,2022-02-02 02:06:05
224,Cabedelo,-6.9811,-34.8339,77.67,77,8,8.63,BR,2022-02-02 02:06:05
225,Meadow Lake,34.8014,-106.5436,48.11,33,100,1.48,US,2022-02-02 02:06:06
226,Ballina,-28.8667,153.5667,87.98,83,96,1.52,AU,2022-02-02 02:06:06
227,Anloga,5.7947,0.8973,79.05,71,1,4.12,GH,2022-02-02 02:04:02
228,Luau,-10.7073,22.2247,63.61,98,100,2.64,AO,2022-02-02 02:07:07
229,Puerto Quijarro,-17.7833,-57.7667,72.99,99,100,2.95,BO,2022-02-02 02:07:08
230,Chokurdakh,70.6333,147.9167,-9.81,94,100,6.44,RU,2022-02-02 02:07:08
231,Krasnoborsk,61.5598,45.934,24.62,95,99,6.08,RU,2022-02-02 02:07:09
232,Tomatlan,19.9333,-105.25,65.46,72,0,2.59,MX,2022-02-02 02:07:09
233,Hambantota,6.1241,81.1185,70.14,100,20,5.75,LK,2022-02-02 02:07:10
234,Olafsvik,64.8945,-23.7142,36.18,65,100,19.01,IS,2022-02-02 02:02:44
235,Kahului,20.8947,-156.47,80.62,65,40,20.71,US,2022-02-02 02:03:27
236,Bambous Virieux,-20.3428,57.7575,80.22,91,100,30.6,MU,2022-02-02 02:03:40
237,Ahipara,-35.1667,173.1667,76.33,63,100,14.99,NZ,2022-02-02 02:02:18
238,Khatanga,71.9667,102.5,-37.91,98,22,2.53,RU,2022-02-02 02:05:50
239,Bridgetown,13.1,-59.6167,79.29,78,40,14.97,BB,2022-02-02 02:06:04
240,Bethel,41.3712,-73.414,34.16,73,100,0.0,US,2022-02-02 02:07:12
241,Port Hardy,50.6996,-127.4199,40.75,80,99,3.85,CA,2022-02-02 02:07:12
242,Okulovka,58.4008,33.2908,18.27,94,100,6.55,RU,2022-02-02 02:07:13
243,Lazaro Cardenas,17.9583,-102.2,75.94,63,1,5.93,MX,2022-02-02 02:07:13
244,Ketchikan,55.3422,-131.6461,33.78,85,100,3.11,US,2022-02-02 02:06:09
245,Riviere-Au-Renard,48.9957,-64.3971,4.84,94,100,7.99,CA,2022-02-02 02:07:14
246,Nanortalik,60.1432,-45.2371,8.26,68,41,15.48,GL,2022-02-02 02:02:48
247,Namatanai,-3.6667,152.4333,83.3,69,97,6.35,PG,2022-02-02 02:07:15
248,Byron Bay,-28.65,153.6167,87.91,66,100,2.33,AU,2022-02-02 02:07:15
249,Azul,-36.777,-59.8585,67.46,68,95,7.76,AR,2022-02-02 02:02:24
250,Shemonaikha,50.6328,81.9056,-7.38,96,81,2.42,KZ,2022-02-02 02:07:16
251,Uthal,25.8072,66.6219,66.42,58,0,1.03,PK,2022-02-02 02:07:17
252,Eqbaliyeh,35.3022,51.5358,37.22,61,0,5.37,IR,2022-02-02 02:07:17
253,Yumen,40.2833,97.2,17.87,30,8,6.98,CN,2022-02-02 02:07:18
254,Kavaratti,10.5669,72.642,80.28,68,5,9.55,IN,2022-02-02 02:07:18
255,Vysokogornyy,50.1167,139.15,1.54,87,99,5.7,RU,2022-02-02 02:07:19
256,Sakakah,29.9697,40.2064,44.29,54,0,6.69,SA,2022-02-02 02:07:19
257,Tuatapere,-46.1333,167.6833,72.82,75,86,6.96,NZ,2022-02-02 02:07:20
258,Lasa,46.6166,10.7002,36.34,94,100,9.28,IT,2022-02-02 02:07:20
259,Savannah Bight,16.45,-85.85,78.01,79,0,26.11,HN,2022-02-02 02:07:20
260,Jatai,-17.8814,-51.7144,68.56,96,100,4.45,BR,2022-02-02 02:07:21
261,Muravlenko,63.7898,74.523,-20.07,100,99,5.37,RU,2022-02-02 02:07:21
262,Nelson Bay,-32.7167,152.15,73.11,93,100,11.72,AU,2022-02-02 02:07:22
263,Jiayuguan,39.8167,98.3,20.53,32,0,6.02,CN,2022-02-02 02:07:23
264,Pavlovsk,50.4578,40.1081,23.09,99,100,3.31,RU,2022-02-02 02:07:23
265,Kimberley,-28.7323,24.7623,70.34,64,100,8.93,ZA,2022-02-02 02:07:24
266,Vila Franca Do Campo,37.7167,-25.4333,57.2,78,80,11.27,PT,2022-02-02 02:07:24
267,Poum,-20.2333,164.0167,80.73,74,72,12.3,NC,2022-02-02 02:03:01
268,Kaitangata,-46.2817,169.8464,82.35,46,91,10.47,NZ,2022-02-02 02:07:25
269,Fort Nelson,58.8053,-122.7002,-19.46,100,26,2.37,CA,2022-02-02 02:07:25
270,Petropavlovsk-Kamchatskiy,53.0452,158.6483,34.39,100,100,24.61,RU,2022-02-02 02:07:26
271,Alamosa,37.4695,-105.87,31.51,64,0,10.36,US,2022-02-02 02:03:11
272,Seoul,37.5683,126.9778,29.71,30,38,7.92,KR,2022-02-02 02:04:12
273,Fare,-16.7,-151.0167,80.98,75,1,19.35,PF,2022-02-02 02:08:27
274,Axim,4.8699,-2.2405,78.04,85,98,1.77,GH,2022-02-02 02:08:28
275,Belmonte,-15.8631,-38.8828,79.3,84,2,7.72,BR,2022-02-02 02:08:28
276,Capreol,46.706,-80.9225,33.55,89,100,5.01,CA,2022-02-02 02:08:29
277,Vung Tau,10.346,107.0843,80.4,73,43,17.94,VN,2022-02-02 02:05:53
278,Sao Filipe,14.8961,-24.4956,73.26,77,15,14.41,CV,2022-02-02 02:08:29
279,Beloha,-25.1667,45.05,70.27,86,0,11.45,MG,2022-02-02 02:08:30
280,Sidi Ali,36.0998,0.4206,45.72,77,0,1.74,DZ,2022-02-02 02:08:30
281,Kaura Namoda,12.5898,6.5779,59.7,18,3,8.66,NG,2022-02-02 02:08:31
282,Istok,42.7808,20.4875,31.12,81,10,4.92,XK,2022-02-02 02:08:31
283,Roald,62.5833,6.1333,37.99,75,75,14.97,NO,2022-02-02 02:08:32
284,Pemangkat,1.1667,108.9667,80.67,78,83,6.55,ID,2022-02-02 02:08:32
285,Jiazi,22.8779,116.067,58.41,82,99,19.55,CN,2022-02-02 02:08:33
286,Mizdah,31.4451,12.9801,43.57,72,45,16.93,LY,2022-02-02 02:08:33
287,Kudahuvadhoo,2.6708,72.8944,82.71,76,2,14.52,MV,2022-02-02 02:08:34
288,Belaya Gora,68.5333,146.4167,-14.84,96,100,3.87,RU,2022-02-02 02:08:34
289,Deniliquin,-35.5333,144.9667,71.01,26,0,16.13,AU,2022-02-02 02:08:35
290,Yining,29.0361,114.5636,36.12,93,100,3.27,CN,2022-02-02 02:08:35
291,Nyurba,63.2842,118.3319,-29.25,99,93,3.33,RU,2022-02-02 02:04:12
292,Huilong,31.8111,121.655,43.03,64,100,8.48,CN,2022-02-02 02:08:36
293,Sobolevo,54.4299,31.8996,18.9,96,100,8.16,RU,2022-02-02 02:08:37
294,Jiguani,20.3667,-76.4272,73.18,84,28,6.4,CU,2022-02-02 02:08:37
295,Tilichiki,60.4667,166.1,14.52,91,100,8.57,RU,2022-02-02 02:08:37
296,Fort Pierce,27.4467,-80.3256,69.06,63,20,5.01,US,2022-02-02 02:08:38
297,Finschhafen,-6.6024,147.8681,77.85,90,100,3.8,PG,2022-02-02 02:08:38
298,Santa Maria,-29.6842,-53.8069,73.22,50,0,5.99,BR,2022-02-02 02:05:14
299,Te Anau,-45.4167,167.7167,67.51,96,100,5.39,NZ,2022-02-02 02:08:39
300,Susehri,40.1644,38.0867,24.15,93,100,2.35,TR,2022-02-02 02:08:39
301,Severo-Kurilsk,50.6789,156.125,30.99,74,100,11.25,RU,2022-02-02 02:08:40
302,Anadyr,64.75,177.4833,23.5,54,2,20.13,RU,2022-02-02 02:08:40
303,Dejen,10.1667,38.1333,55.9,43,87,4.9,ET,2022-02-02 02:08:41
304,Praia Da Vitoria,38.7333,-27.0667,56.75,84,36,11.99,PT,2022-02-02 02:08:41
305,Springbok,-29.6643,17.8865,65.95,77,87,2.42,ZA,2022-02-02 02:08:42
306,Itarema,-2.9248,-39.9167,79.09,80,95,11.56,BR,2022-02-02 02:08:42
307,Ahuimanu,21.4447,-157.8378,82.11,67,40,5.99,US,2022-02-02 02:08:43
308,Olinda,-8.0089,-34.8553,82.13,74,40,6.91,BR,2022-02-02 02:08:43
309,Goderich,43.7501,-81.7165,40.91,93,100,21.0,CA,2022-02-02 02:08:44
310,Anakapalle,17.6833,83.0167,67.95,75,2,2.46,IN,2022-02-02 02:08:44
311,Isangel,-19.55,169.2667,86.11,79,75,2.3,VU,2022-02-02 02:08:45
312,Namwala,-15.7504,26.4384,63.68,99,90,3.96,ZM,2022-02-02 02:08:45
313,Margate,51.3813,1.3862,51.66,78,100,7.0,GB,2022-02-02 02:08:46
314,Dahanu,19.9667,72.7333,67.69,63,2,6.6,IN,2022-02-02 02:08:46
315,Abu Dhabi,24.4667,54.3667,68.11,82,40,11.5,AE,2022-02-02 02:08:47
316,Pepel,8.5817,-13.0628,71.94,95,21,1.74,SL,2022-02-02 02:08:47
317,Rosarito,32.3333,-117.0333,58.08,78,94,5.01,MX,2022-02-02 02:08:48
318,Inhambane,-23.865,35.3833,75.09,82,34,3.8,MZ,2022-02-02 02:06:52
319,Salalah,17.0151,54.0924,64.49,52,0,6.91,OM,2022-02-02 02:08:48
320,Sibolga,1.7427,98.7792,78.76,82,95,1.32,ID,2022-02-02 02:07:16
321,Spring Valley,36.108,-115.245,52.99,17,20,3.0,US,2022-02-02 02:09:49
322,Dunbar,38.3606,-81.7374,45.14,67,20,1.01,US,2022-02-02 02:09:50
323,Kamuli,0.9472,33.1197,69.33,71,100,1.95,UG,2022-02-02 02:09:50
324,Fairbanks,64.8378,-147.7164,-9.4,73,0,0.0,US,2022-02-02 02:08:15
325,Mahibadhoo,3.7833,72.9667,82.27,77,2,12.82,MV,2022-02-02 02:09:51
326,Gondanglegi,-7.7479,112.0132,83.44,72,23,4.59,ID,2022-02-02 02:09:51
327,Palmer,42.1584,-72.3287,31.03,99,98,3.29,US,2022-02-02 02:09:52
328,Sitka,57.0531,-135.33,30.09,74,100,17.27,US,2022-02-02 02:09:52
329,Srednekolymsk,67.45,153.6833,-9.02,89,100,9.22,RU,2022-02-02 02:09:53
330,Halifax,44.6453,-63.5724,18.21,78,18,5.28,CA,2022-02-02 02:09:43
331,Dossor,47.5272,52.9811,29.46,97,93,0.56,KZ,2022-02-02 02:09:53
332,Kulevcha,46.0303,29.9361,34.7,99,100,5.1,UA,2022-02-02 02:09:54
333,Srbinovo,41.7058,20.9603,30.45,98,92,3.2,MK,2022-02-02 02:09:54
334,Ambilobe,-13.2,49.05,73.87,93,100,1.14,MG,2022-02-02 02:09:55
335,Isla Mujeres,21.2311,-86.731,77.16,69,1,11.39,MX,2022-02-02 02:09:55
336,Mnogovershinnyy,53.9353,139.9242,-2.02,82,94,5.66,RU,2022-02-02 02:09:56
337,Sambava,-14.2667,50.1667,74.03,82,100,5.55,MG,2022-02-02 02:09:56
338,Magnitogorsk,53.4186,59.0472,16.63,92,100,11.18,RU,2022-02-02 02:09:57
339,Gobabis,-22.45,18.9667,65.52,91,99,9.82,NA,2022-02-02 02:09:57
340,Evensk,61.95,159.2333,20.91,78,100,23.51,RU,2022-02-02 02:09:58
341,Tournon-Sur-Rhone,45.0667,4.8333,44.26,95,100,4.94,FR,2022-02-02 02:09:58
342,Mountain Home,43.133,-115.6912,29.14,100,100,6.91,US,2022-02-02 02:09:59
343,Macapa,0.0389,-51.0664,80.58,89,75,6.91,BR,2022-02-02 02:08:42
344,Grindavik,63.8424,-22.4338,30.67,100,75,11.5,IS,2022-02-02 02:09:59
345,Ponazyrevo,58.3578,46.3142,24.69,95,98,8.21,RU,2022-02-02 02:10:00
346,Pithapuram,17.1167,82.2667,70.12,79,8,3.53,IN,2022-02-02 02:10:00
347,Tianpeng,30.9866,103.9393,41.16,79,91,3.06,CN,2022-02-02 02:10:01
348,Banatski Karlovac,45.0472,21.0161,31.93,94,12,5.23,RS,2022-02-02 02:10:01
349,Peniche,39.3558,-9.3811,52.93,68,0,9.37,PT,2022-02-02 02:07:18
350,Kirkenes,69.7271,30.0458,-8.45,84,100,1.14,NO,2022-02-02 02:10:02
351,Santo Antonio Do Ica,-3.1022,-67.9397,73.35,99,99,1.25,BR,2022-02-02 02:10:03
352,Champerico,14.3,-91.9167,81.28,68,0,8.34,GT,2022-02-02 02:10:03
353,Yuxia,34.0615,108.6291,35.92,52,100,2.13,CN,2022-02-02 02:10:04
354,Nizhniy Ingash,56.2,96.53,-6.84,100,87,1.74,RU,2022-02-02 02:10:04
355,Codrington,-38.2667,141.9667,60.62,55,100,14.56,AU,2022-02-02 02:10:04
356,Kayerkan,69.3497,87.7602,1.53,77,98,6.02,RU,2022-02-02 02:10:05
357,Burns Lake,54.2331,-125.7533,5.63,99,99,3.83,CA,2022-02-02 02:10:05
358,Pitimbu,-7.4706,-34.8086,77.59,75,25,8.59,BR,2022-02-02 02:10:06
359,San Patricio,28.017,-97.5169,62.69,80,17,8.32,US,2022-02-02 02:10:06
360,Nishihara,26.1842,127.7558,64.45,85,100,9.22,JP,2022-02-02 02:10:07
361,Orlik,52.5178,99.825,-19.44,97,48,2.21,RU,2022-02-02 02:10:07
362,Tarashcha,49.5583,30.4926,17.06,92,100,6.08,UA,2022-02-02 02:10:08
363,Atlantic Beach,30.3344,-81.3987,56.05,88,40,3.44,US,2022-02-02 02:09:16
364,Waddan,29.1614,16.139,45.79,68,100,7.27,LY,2022-02-02 02:10:09
365,Inta,66.0317,60.1659,1.92,85,98,8.88,RU,2022-02-02 02:10:09
366,Sinegorye,62.0788,150.477,-6.52,97,100,3.51,RU,2022-02-02 02:10:10
367,Surgut,61.25,73.4167,-13.92,83,20,1.99,RU,2022-02-02 02:10:10
368,Lypova Dolyna,50.5643,33.7979,13.82,96,100,6.31,UA,2022-02-02 02:10:11
369,Kalmunai,7.4167,81.8167,73.45,76,3,2.44,LK,2022-02-02 02:11:11
370,Birjand,32.8663,59.2211,35.04,89,99,11.61,IR,2022-02-02 02:11:12
371,Tautira,-17.7333,-149.15,89.62,77,20,18.68,PF,2022-02-02 02:11:12
372,Palasa,18.7667,84.4167,69.31,70,5,2.51,IN,2022-02-02 02:08:19
373,Lompoc,34.6391,-120.4579,57.51,48,0,9.22,US,2022-02-02 02:09:53
374,Bulgan,48.8125,103.5347,-5.13,85,16,3.85,MN,2022-02-02 02:11:13
375,Mangai,-4.05,19.5333,70.2,96,100,0.56,CD,2022-02-02 02:11:14
376,Ulladulla,-35.35,150.4667,67.87,80,100,9.06,AU,2022-02-02 02:11:14
377,Myitkyina,25.3833,97.4,55.2,92,96,0.6,MM,2022-02-02 02:11:15
378,Dalnerechensk,45.9339,133.7225,7.83,88,100,7.99,RU,2022-02-02 02:11:15
379,Deputatskiy,69.3,139.9,-14.49,98,100,1.07,RU,2022-02-02 02:11:16
380,Caluquembe,-13.7833,14.6833,57.15,71,100,3.96,AO,2022-02-02 02:11:16
381,Ratodero,27.803,68.2871,50.02,30,0,0.83,PK,2022-02-02 02:11:17
382,Arsk,56.0915,49.8778,28.18,95,100,14.81,RU,2022-02-02 02:11:17
383,Antofagasta,-23.65,-70.4,65.48,83,9,4.12,CL,2022-02-02 02:11:18
384,Oranjemund,-28.55,16.4333,65.8,86,76,6.85,NA,2022-02-02 02:11:19
385,Megion,61.0296,76.1136,-5.78,100,93,4.09,RU,2022-02-02 02:11:19
386,Genhe,50.7833,121.5167,-3.28,85,95,2.86,CN,2022-02-02 02:11:20
387,Zaysan,47.4667,84.8667,-1.93,92,38,2.46,KZ,2022-02-02 02:11:20
388,Alyangula,-13.8483,136.4192,86.23,64,100,15.99,AU,2022-02-02 02:11:20
389,Mayo,38.8876,-76.5119,35.55,83,0,0.0,US,2022-02-02 02:11:21
390,Iqaluit,63.7506,-68.5145,-9.31,76,100,17.0,CA,2022-02-02 02:11:22
391,Lincoln,40.8,-96.667,26.98,45,100,3.0,US,2022-02-02 02:11:22
392,Methoni,36.8197,21.7049,51.22,73,99,14.2,GR,2022-02-02 02:11:23
393,Cururupu,-1.8283,-44.8683,75.99,93,82,4.56,BR,2022-02-02 02:09:55
394,Thunder Bay,48.4001,-89.3168,10.56,62,89,1.99,CA,2022-02-02 02:11:04
395,Surt,31.2089,16.5887,54.59,60,28,28.32,LY,2022-02-02 02:11:23
396,Cockburn Town,21.4612,-71.1419,75.81,76,39,20.83,TC,2022-02-02 02:11:24
397,Laon,49.5667,3.6667,48.45,88,100,16.82,FR,2022-02-02 02:11:24
398,Ingham,42.6,-84.3833,43.02,93,100,4.61,US,2022-02-02 02:11:25
399,Tupelo,34.2576,-88.7034,62.89,51,100,10.36,US,2022-02-02 02:09:24
400,Alpena,45.0617,-83.4327,40.1,79,0,5.99,US,2022-02-02 02:11:26
401,Alexandria,31.2156,29.9553,52.3,65,11,9.84,EG,2022-02-02 02:10:45
402,Nome,64.5011,-165.4064,19.47,49,0,34.52,US,2022-02-02 02:11:26
403,Mazyr,52.0495,29.2456,17.67,94,63,8.9,BY,2022-02-02 02:11:27
404,Sao Joao Da Barra,-21.6403,-41.0511,72.5,97,100,7.36,BR,2022-02-02 02:09:12
405,Turgutlu,38.4953,27.6997,54.28,90,100,4.09,TR,2022-02-02 02:11:28
406,Konevo,62.1215,39.3192,10.71,98,98,2.59,RU,2022-02-02 02:11:28
407,Quanzhou,24.9139,118.5858,55.17,72,93,9.42,CN,2022-02-02 02:11:18
408,Touros,-5.1989,-35.4608,77.9,77,40,8.99,BR,2022-02-02 02:07:20
409,San Pedro,14.35,121.0167,85.32,66,45,12.44,PH,2022-02-02 02:11:29
410,Elizabethtown,37.694,-85.8591,52.86,40,0,8.05,US,2022-02-02 02:09:51
411,Slantsy,59.1182,28.0914,7.79,100,99,2.48,RU,2022-02-02 02:11:30
412,Alice Springs,-23.7,133.8833,74.75,88,100,14.97,AU,2022-02-02 02:11:30
413,Birao,10.2849,22.7882,62.42,26,17,5.95,CF,2022-02-02 02:11:31
414,Lata,40.1629,-8.3327,48.92,77,0,4.0,PT,2022-02-02 02:11:31
415,Fort Morgan,40.2503,-103.8,25.81,93,100,18.41,US,2022-02-02 02:11:32
416,Russell,32.3502,-85.1999,56.91,58,100,6.78,US,2022-02-02 02:11:32
417,Liku,-0.7275,119.8922,86.09,59,72,2.91,ID,2022-02-02 02:12:33
418,Asyut,27.181,31.1837,50.99,49,81,3.91,EG,2022-02-02 02:12:33
419,Sola,-13.8833,167.55,80.17,80,100,13.85,VU,2022-02-02 02:12:34
420,Sangar,63.9242,127.4739,-29.69,96,100,3.02,RU,2022-02-02 02:12:34
421,Omboue,-1.5746,9.2618,78.19,85,98,5.32,GA,2022-02-02 02:12:35
422,Worland,44.0169,-107.9554,21.67,79,0,4.61,US,2022-02-02 02:09:11
423,Pontianak,-0.0333,109.3333,76.98,88,40,9.22,ID,2022-02-02 02:09:50
424,Arawa,-6.2132,155.5367,86.09,69,44,7.29,PG,2022-02-02 02:10:02
425,Hami,42.8,93.45,22.66,31,100,0.94,CN,2022-02-02 02:09:46
426,Sai Buri,6.7013,101.6168,81.97,77,77,7.58,TH,2022-02-02 02:12:36
427,Nurota,40.5614,65.6886,35.69,47,100,4.16,UZ,2022-02-02 02:12:37
428,Sistranda,63.7256,8.834,23.9,73,100,2.98,NO,2022-02-02 02:10:29
429,Annau,37.8876,58.516,44.98,42,0,3.53,TM,2022-02-02 02:12:38
430,Medea,36.2642,2.7539,40.78,87,95,5.39,DZ,2022-02-02 02:12:38
431,Zalantun,48.0,122.7167,0.23,72,91,9.48,CN,2022-02-02 02:12:39
432,Minggang,32.4586,114.0486,38.07,41,100,6.11,CN,2022-02-02 02:12:39
433,Cuenca,-2.8833,-78.9833,56.52,93,99,2.66,EC,2022-02-02 02:12:12
434,Paamiut,61.994,-49.6678,4.78,91,100,11.12,GL,2022-02-02 02:12:40
435,Burnie,-41.0667,145.9167,66.92,45,55,12.77,AU,2022-02-02 02:12:40
436,Awjilah,29.1081,21.2869,52.99,41,44,8.25,LY,2022-02-02 02:12:41
437,Alugan,12.2188,125.4808,80.67,81,40,10.42,PH,2022-02-02 02:12:41
438,Viloco,-16.95,-67.55,41.7,95,70,4.25,BO,2022-02-02 02:12:42
439,Hellvik,59.9156,5.781,37.78,88,93,1.99,NO,2022-02-02 02:12:42
440,Sembakung,3.8167,117.25,84.13,77,95,2.39,ID,2022-02-02 02:12:43
441,Tubay,9.1669,125.5239,82.85,65,77,3.56,PH,2022-02-02 02:12:43
442,Veriora,58.0079,27.3551,14.13,99,94,1.41,EE,2022-02-02 02:12:44
443,Caravelas,-17.7125,-39.2481,76.62,94,63,7.74,BR,2022-02-02 02:12:44
444,Havelock,34.8791,-76.9013,42.78,79,57,4.0,US,2022-02-02 02:12:45
445,Mamallapuram,12.6264,80.1722,74.05,67,80,0.98,IN,2022-02-02 02:12:45
446,Villa Union,23.2,-106.2333,69.03,63,0,0.0,MX,2022-02-02 02:12:46
447,Caracoli,6.4119,-74.7606,70.81,90,91,2.89,CO,2022-02-02 02:12:47
448,Mochicahui,25.9333,-108.9333,66.02,44,81,3.58,MX,2022-02-02 02:12:47
449,Walvis Bay,-22.9575,14.5053,66.09,88,4,2.48,NA,2022-02-02 02:12:47
450,Dicabisagan,17.0818,122.4157,76.89,71,89,8.1,PH,2022-02-02 02:12:48
451,Ixtapa,20.7,-105.2,74.43,57,0,8.05,MX,2022-02-02 02:12:48
452,Tambacounda,13.7539,-13.7586,79.52,13,3,8.84,SN,2022-02-02 02:12:49
453,Vila Velha,-20.3297,-40.2925,72.95,94,100,5.75,BR,2022-02-02 02:12:49
454,Vanimo,-2.6741,141.3028,82.67,74,87,3.89,PG,2022-02-02 02:09:04
455,Sukhothai,17.25,99.6667,77.54,32,8,4.18,TH,2022-02-02 02:12:50
456,Hasaki,35.7333,140.8333,48.29,32,0,21.79,JP,2022-02-02 02:12:51
457,Esso,55.9333,158.7,22.14,93,100,9.95,RU,2022-02-02 02:12:51
458,Morondava,-20.2833,44.2833,79.56,85,13,2.66,MG,2022-02-02 02:12:52
459,Vilhena,-12.7406,-60.1458,66.63,97,46,1.81,BR,2022-02-02 02:12:52
460,Pevek,69.7008,170.3133,-6.52,80,100,3.24,RU,2022-02-02 02:12:53
461,Nieuw Amsterdam,5.8833,-55.0833,78.03,86,32,10.33,SR,2022-02-02 02:12:54
462,Zahesi,41.8246,44.7536,31.71,62,40,2.53,GE,2022-02-02 02:13:54
463,Newport,51.5877,-2.9984,52.18,86,100,1.99,GB,2022-02-02 02:11:55
464,Pangnirtung,66.1451,-65.7125,-22.95,82,73,6.87,CA,2022-02-02 02:13:55
465,Upernavik,72.7868,-56.1549,-13.7,75,100,5.77,GL,2022-02-02 02:13:30
466,Elko,41.0002,-115.5012,23.02,51,4,7.0,US,2022-02-02 02:13:55
467,Saint-Denis,48.9167,2.3333,51.39,90,75,5.99,FR,2022-02-02 02:13:56
468,San Rafael,-34.6177,-68.3301,84.34,34,100,8.9,AR,2022-02-02 02:10:35
469,Gardenstown,57.671,-2.336,45.09,80,100,19.04,GB,2022-02-02 02:13:56
470,Tocopilla,-22.092,-70.1979,69.26,69,3,6.73,CL,2022-02-02 02:13:57
471,Akdepe,42.0551,59.3788,26.6,75,9,6.93,TM,2022-02-02 02:13:57
472,Kloulklubed,7.0419,134.2556,84.7,75,100,20.0,PW,2022-02-02 02:11:50
473,Havre-Saint-Pierre,50.2334,-63.5986,8.29,70,100,2.15,CA,2022-02-02 02:13:58
474,Conde,-7.2597,-34.9075,76.46,94,20,3.44,BR,2022-02-02 02:13:06
475,Zeya,53.75,127.2667,0.84,59,43,2.68,RU,2022-02-02 02:13:59
476,Ust-Kuyga,70.0167,135.6,-18.99,97,100,3.33,RU,2022-02-02 02:12:12
477,Mananara,-16.1667,49.7667,73.49,85,100,5.39,MG,2022-02-02 02:14:00
478,Channel-Port Aux Basques,47.5702,-59.1367,17.31,72,25,9.01,CA,2022-02-02 02:14:00
479,Huancavelica,-12.7667,-74.9833,38.68,94,100,1.86,PE,2022-02-02 02:14:00
480,Hellin,38.5106,-1.701,45.14,65,0,6.53,ES,2022-02-02 02:14:01
481,Andros Town,24.7,-77.7667,67.96,61,100,18.9,BS,2022-02-02 02:14:01
482,Manitouwadge,49.1215,-85.8403,16.23,86,100,16.15,CA,2022-02-02 02:14:02
483,Ulaanbaatar,47.9077,106.8832,-18.27,76,70,2.24,MN,2022-02-02 02:11:34
484,Okahandja,-21.9833,16.9167,66.83,77,99,7.85,NA,2022-02-02 02:14:03
485,Puro,12.4841,123.3827,78.94,83,96,13.09,PH,2022-02-02 02:14:03
486,Rocha,-34.4833,-54.3333,58.86,75,0,6.17,UY,2022-02-02 02:14:04
487,Tual,-5.6667,132.75,80.53,80,100,9.69,ID,2022-02-02 02:14:04
488,Sawakin,19.1059,37.3321,66.54,67,39,7.45,SD,2022-02-02 02:14:05
489,Bisauli,28.3167,78.9333,48.88,87,0,6.2,IN,2022-02-02 02:14:05
490,Banjar,-8.19,114.9675,85.91,65,49,2.26,ID,2022-02-02 02:14:06
491,Grenaa,56.4158,10.8783,43.02,82,17,1.99,DK,2022-02-02 02:14:06
492,Ruse,43.8564,25.9708,38.28,80,100,7.43,BG,2022-02-02 02:14:07
493,Port Lincoln,-34.7333,135.8667,63.34,54,97,15.9,AU,2022-02-02 02:13:44
494,Tema,5.667,-0.0166,78.98,70,30,3.53,GH,2022-02-02 02:14:08
495,Parambu,-6.2111,-40.6944,70.21,59,24,1.41,BR,2022-02-02 02:14:08
496,Chuchkovo,54.2693,41.4465,18.25,95,97,10.4,RU,2022-02-02 02:14:09
497,Caborca,30.5838,-111.101,59.79,27,99,10.49,MX,2022-02-02 02:14:09
498,Meulaboh,4.1363,96.1285,78.85,80,43,4.65,ID,2022-02-02 02:12:56
499,Noumea,-22.2763,166.4572,85.98,68,93,8.9,NC,2022-02-02 02:14:10
500,Bonavista,48.6499,-53.1147,18.12,69,100,20.98,CA,2022-02-02 02:14:10
501,Smithers,54.7804,-127.1743,13.62,97,100,1.34,CA,2022-02-02 02:14:11
502,Kurilsk,45.2333,147.8833,24.84,88,98,18.16,RU,2022-02-02 02:12:17
503,Taquarituba,-23.5331,-49.2444,68.16,94,100,4.97,BR,2022-02-02 02:14:12
504,Nichinan,31.6,131.3667,47.28,46,100,2.26,JP,2022-02-02 02:09:13
505,Port Elizabeth,-33.918,25.5701,74.1,74,100,4.38,ZA,2022-02-02 02:14:12
506,Safaga,26.7292,33.9365,59.95,64,1,4.32,EG,2022-02-02 02:14:13
507,Kampong Chhnang,12.1667,104.55,82.24,61,87,9.31,KH,2022-02-02 02:14:13
508,Emporia,38.4039,-96.1817,35.51,80,100,23.02,US,2022-02-02 02:14:14
509,Yerbogachen,61.2767,108.0108,-29.69,100,49,1.83,RU,2022-02-02 02:12:11
510,Corinto,37.9407,22.9573,56.44,81,100,6.15,GR,2022-02-02 02:15:14
511,Cap Malheureux,-19.9842,57.6142,80.47,84,100,17.0,MU,2022-02-02 02:15:15
512,Urumqi,43.801,87.6005,-3.05,85,20,2.24,CN,2022-02-02 02:15:16
513,Kilindoni,-7.9139,39.6668,79.36,82,100,8.97,TZ,2022-02-02 02:15:16
514,Kunya,12.2233,8.5325,57.36,47,2,3.44,NG,2022-02-02 02:15:17
515,Port-Gentil,-0.7193,8.7815,80.87,75,100,10.25,GA,2022-02-02 02:15:17
516,Nalut,30.3333,10.85,43.45,64,93,11.83,LY,2022-02-02 02:15:18
517,Jaisalmer,26.9147,70.9181,63.73,24,0,9.13,IN,2022-02-02 02:15:18
518,Marzuq,14.4,46.4667,60.75,68,78,0.69,YE,2022-02-02 02:15:19
519,Salinas,36.6777,-121.6555,57.29,47,0,5.75,US,2022-02-02 02:14:56
520,Ilovlya,49.3033,43.9796,29.5,95,100,12.75,RU,2022-02-02 02:15:19
521,Waipawa,-41.4122,175.5153,72.23,43,58,9.73,NZ,2022-02-02 02:15:20
522,Zapolyarnyy,69.4154,30.8136,-10.12,100,100,3.04,RU,2022-02-02 02:15:20
523,Scarborough,54.2797,-0.4044,49.53,82,100,1.01,GB,2022-02-02 02:15:21
524,Kyabe,9.4515,18.9449,70.07,19,3,4.63,TD,2022-02-02 02:15:21
525,Sao Felix Do Xingu,-6.6447,-51.995,72.25,93,100,1.05,BR,2022-02-02 02:15:22
526,Kruisfontein,-34.0033,24.7314,71.89,67,100,2.95,ZA,2022-02-02 02:15:22
527,Nieuwpoort,51.1244,2.7735,51.03,81,75,18.41,BE,2022-02-02 02:15:23
528,Beringovskiy,63.05,179.3167,1.9,84,91,17.38,RU,2022-02-02 02:15:23
529,Chuy,-33.6971,-53.4616,62.67,74,0,6.76,UY,2022-02-02 02:15:24
530,Lucapa,-8.4192,20.7447,64.62,97,100,0.85,AO,2022-02-02 02:15:24
531,Vrangel,42.7297,133.0839,18.32,52,0,13.71,RU,2022-02-02 02:15:25
532,Atlantis,-33.5667,18.4834,66.18,90,73,10.74,ZA,2022-02-02 02:15:25
533,Mersing,2.4312,103.8405,84.11,74,40,5.75,MY,2022-02-02 02:15:26
534,Barvinkove,48.9097,37.0205,31.82,99,100,3.47,UA,2022-02-02 02:15:26
535,Osecina,44.3731,19.6014,27.16,94,32,5.26,RS,2022-02-02 02:15:28
536,Dwarka,22.2394,68.9678,70.79,77,0,9.01,IN,2022-02-02 02:15:28
537,Rio Grande City,26.3798,-98.8203,65.89,57,0,10.25,US,2022-02-02 02:15:28
538,Sao Jose Da Coroa Grande,-8.8978,-35.1478,78.87,79,10,6.06,BR,2022-02-02 02:15:29
539,Nijar,36.9665,-2.206,46.04,53,0,8.05,ES,2022-02-02 02:15:30
540,Noyabrsk,63.1994,75.4507,-17.55,100,100,5.55,RU,2022-02-02 02:15:30
541,Komsomolskiy,40.4272,71.7189,29.62,80,100,4.61,UZ,2022-02-02 02:11:05
542,Bacolod,10.6667,122.95,83.91,64,100,11.01,PH,2022-02-02 02:15:31
543,Portland,45.5234,-122.6762,43.9,83,100,3.0,US,2022-02-02 02:13:44
544,Bilibino,68.0546,166.4372,6.17,60,100,6.46,RU,2022-02-02 02:15:32
545,Puruliya,23.3333,86.3667,56.01,51,0,0.96,IN,2022-02-02 02:15:32
546,Klitos,40.4333,21.8667,34.12,100,100,13.8,GR,2022-02-02 02:15:33
547,Panguna,-6.3164,155.4848,81.5,64,46,4.34,PG,2022-02-02 02:15:33
548,Aswan,24.0934,32.907,49.3,61,0,5.75,EG,2022-02-02 02:15:34
549,Dzaoudzi,-12.7887,45.2699,80.49,89,0,3.44,YT,2022-02-02 02:15:34
550,Mporokoso,-9.3727,30.125,60.91,98,100,1.45,ZM,2022-02-02 02:15:35
551,Horconcitos,8.4682,-81.8007,63.09,91,52,6.33,PA,2022-02-02 02:15:35
552,Winslow,35.0242,-110.6974,47.97,30,100,1.99,US,2022-02-02 02:12:00
553,Shahrud,36.4182,54.9763,31.78,63,1,2.95,IR,2022-02-02 02:15:36
554,Makokou,0.5738,12.8642,75.06,69,99,2.89,GA,2022-02-02 02:15:36
555,Puerto Ayacucho,5.6639,-67.6236,83.25,48,84,7.63,VE,2022-02-02 02:16:37
556,Taksimo,56.3444,114.8794,-11.72,92,90,1.05,RU,2022-02-02 02:16:37
557,Grand Gaube,-20.0064,57.6608,80.38,84,100,17.0,MU,2022-02-02 02:16:38
558,Xuddur,4.1213,43.8894,70.81,85,90,15.73,SO,2022-02-02 02:16:38
559,Atar,20.5169,-13.0499,73.54,13,74,10.89,MR,2022-02-02 02:16:39
560,Warmbad,-28.45,18.7333,76.32,63,97,4.29,NA,2022-02-02 02:16:39
561,Salym,60.0625,71.4789,2.95,99,93,4.76,RU,2022-02-02 02:16:40
562,Manjacaze,-24.7117,33.8828,69.89,95,0,3.89,MZ,2022-02-02 02:16:40
