City_ID,City,Lat,Lng,Max Temp,Humidity,Cloudiness,Wind Speed,Country,Date,Current Description
0,Cidreira,-30.1811,-50.2056,66.85,74,9,8.61,BR,2022-02-07 04:49:48,Clear
1,Sisimiut,66.9395,-53.6735,3.72,94,100,20.04,GL,2022-02-07 04:46:14,Snow
2,Soddy-Daisy,35.2359,-85.1908,33.53,87,0,3.2,US,2022-02-07 04:49:49,Clear
3,Bam,29.106,58.357,52.72,29,6,2.84,IR,2022-02-07 04:46:31,Clear
4,Isangel,-19.55,169.2667,78.91,94,100,13.8,VU,2022-02-07 04:49:50,Clouds
5,Khatanga,71.9667,102.5,-18.33,98,100,9.69,RU,2022-02-07 04:49:51,Clouds
6,Nikolskoye,59.7035,30.7861,35.87,97,100,7.16,RU,2022-02-07 04:49:51,Snow
7,Hithadhoo,-0.6,73.0833,82.62,67,23,14.25,MV,2022-02-07 04:49:52,Clouds
8,Bambous Virieux,-20.3428,57.7575,81.21,78,100,10.87,MU,2022-02-07 04:49:53,Clouds
9,Tucano,-10.9631,-38.7867,71.96,93,78,4.47,BR,2022-02-07 04:49:54,Clouds
10,Punta Arenas,-53.15,-70.9167,53.71,82,75,8.05,CL,2022-02-07 04:49:54,Clouds
11,Ondo,7.1,4.8333,67.32,98,11,0.58,NG,2022-02-07 04:49:55,Clouds
12,Necochea,-38.5473,-58.7368,58.03,79,41,9.26,AR,2022-02-07 04:49:55,Clouds
13,Bredasdorp,-34.5322,20.0403,66.27,88,11,5.75,ZA,2022-02-07 04:49:56,Clouds
14,Esperance,-33.8667,121.9,76.84,44,11,23.29,AU,2022-02-07 04:49:56,Clouds
15,Araouane,18.9048,-3.5265,61.47,14,0,9.22,ML,2022-02-07 04:49:57,Clear
16,Pevek,69.7008,170.3133,-24.29,99,22,1.68,RU,2022-02-07 04:49:57,Clouds
17,Albany,42.6001,-73.9662,19.81,79,14,2.62,US,2022-02-07 04:49:58,Clouds
18,Bluff,-46.6,168.3333,60.8,68,0,14.41,NZ,2022-02-07 04:49:58,Clear
19,Cabo San Lucas,22.8909,-109.9124,63.95,67,0,5.12,MX,2022-02-07 04:45:03,Clear
20,Xushan,30.1764,121.2457,42.73,95,100,12.3,CN,2022-02-07 04:49:59,Rain
21,Xuanhua,40.6103,115.0447,26.98,29,100,5.21,CN,2022-02-07 04:49:59,Clouds
22,Upernavik,72.7868,-56.1549,-14.57,100,100,6.91,GL,2022-02-07 04:50:00,Clouds
23,Airai,-8.9266,125.4092,71.83,74,57,2.55,TL,2022-02-07 04:50:00,Clouds
24,Mataura,-46.1927,168.8643,60.48,45,5,5.14,NZ,2022-02-07 04:50:01,Clear
25,Severo-Kurilsk,50.6789,156.125,31.01,81,100,9.55,RU,2022-02-07 04:50:02,Clouds
26,San Patricio,28.017,-97.5169,55.81,83,100,9.01,US,2022-02-07 04:50:02,Clouds
27,Port Alfred,-33.5906,26.891,76.55,70,56,1.61,ZA,2022-02-07 04:50:02,Clouds
28,Barrow,71.2906,-156.7887,-27.38,68,0,12.66,US,2022-02-07 04:40:48,Clear
29,Biak,-0.9131,122.8766,85.51,62,90,2.44,ID,2022-02-07 04:50:03,Clouds
30,Sistranda,63.7256,8.834,40.96,66,99,21.34,NO,2022-02-07 04:50:04,Rain
31,Touros,-5.1989,-35.4608,76.1,78,13,8.3,BR,2022-02-07 04:50:04,Clouds
32,Matamoros,25.5333,-103.25,55.11,61,69,3.67,MX,2022-02-07 04:50:05,Clouds
33,Cape Town,-33.9258,18.4232,65.26,88,75,1.99,ZA,2022-02-07 04:48:37,Clouds
34,Lata,40.1629,-8.3327,45.05,55,57,4.18,PT,2022-02-07 04:47:03,Clouds
35,Coos Bay,43.3665,-124.2179,49.01,98,20,3.44,US,2022-02-07 04:50:06,Mist
36,Moreira Sales,-24.0622,-53.0069,62.89,70,8,7.07,BR,2022-02-07 04:50:06,Clear
37,Alice Springs,-23.7,133.8833,90.95,24,0,4.61,AU,2022-02-07 04:50:07,Clear
38,Laguna,38.421,-121.4238,56.32,76,0,0.0,US,2022-02-07 04:50:07,Clear
39,Tecoanapa,16.5167,-98.75,76.73,77,23,5.08,MX,2022-02-07 04:50:08,Clouds
40,Hobart,-42.8794,147.3294,81.01,43,20,9.22,AU,2022-02-07 04:50:08,Clouds
41,Richards Bay,-28.783,32.0377,73.36,88,84,2.53,ZA,2022-02-07 04:50:09,Rain
42,Lorengau,-2.0226,147.2712,84.38,72,98,7.45,PG,2022-02-07 04:50:09,Clouds
43,Rikitea,-23.1203,-134.9692,78.98,72,10,17.98,PF,2022-02-07 04:50:10,Clear
44,Pawai,24.2667,80.1667,72.59,20,0,4.36,IN,2022-02-07 04:50:10,Clear
45,Sitka,57.0531,-135.33,44.49,76,100,13.8,US,2022-02-07 04:51:11,Clouds
46,Jieshi,22.8134,115.8257,59.95,83,100,13.53,CN,2022-02-07 04:51:11,Clouds
47,Calabozo,8.9242,-67.4293,81.63,54,55,9.4,VE,2022-02-07 04:51:12,Clouds
48,Bethel,41.3712,-73.414,28.71,84,75,0.0,US,2022-02-07 04:51:12,Clouds
49,Luba,3.4568,8.5547,79.05,81,12,1.66,GQ,2022-02-07 04:51:13,Clouds
50,Vao,-22.6667,167.4833,81.32,81,45,14.52,NC,2022-02-07 04:51:13,Clouds
51,Vaini,-21.2,-175.2,75.36,100,100,11.5,TO,2022-02-07 04:51:14,Rain
52,Ushuaia,-54.8,-68.3,60.46,72,40,11.5,AR,2022-02-07 04:51:14,Clouds
53,Riyadh,24.6877,46.7219,50.05,43,0,0.0,SA,2022-02-07 04:51:15,Clear
54,Hvide Sande,56.0045,8.1294,41.29,72,7,34.31,DK,2022-02-07 04:51:15,Clear
55,Dunedin,-45.8742,170.5036,60.93,70,73,13.27,NZ,2022-02-07 04:51:16,Clouds
56,Bathsheba,13.2167,-59.5167,75.81,83,75,14.97,BB,2022-02-07 04:48:27,Clouds
57,Egvekinot,66.3167,-179.1667,-14.71,85,4,11.1,RU,2022-02-07 04:51:16,Clear
58,Kapaa,22.0752,-159.319,78.78,78,40,1.99,US,2022-02-07 04:50:04,Clouds
59,Gunjur,13.2019,-16.7339,66.27,88,0,0.0,GM,2022-02-07 04:51:17,Clear
60,Nemuro,43.3236,145.575,28.83,67,55,12.55,JP,2022-02-07 04:51:17,Clouds
61,Yumen,40.2833,97.2,19.74,55,100,9.98,CN,2022-02-07 04:43:26,Clouds
62,Kaitangata,-46.2817,169.8464,58.93,80,32,7.34,NZ,2022-02-07 04:51:18,Clouds
63,Nelson Bay,-32.7167,152.15,77.29,63,36,4.0,AU,2022-02-07 04:51:18,Clouds
64,Atuona,-9.8,-139.0333,78.85,78,42,18.12,PF,2022-02-07 04:51:19,Clouds
65,Puerto Ayora,-0.7393,-90.3518,73.54,94,21,7.36,EC,2022-02-07 04:51:20,Clouds
66,Puerto Cabello,10.4731,-68.0125,76.08,88,79,10.07,VE,2022-02-07 04:51:20,Clouds
67,Narsaq,60.9167,-46.05,9.63,76,100,20.04,GL,2022-02-07 04:51:21,Snow
68,Fortuna,40.5982,-124.1573,44.98,96,100,8.05,US,2022-02-07 04:51:21,Clouds
69,Kaele,10.1092,14.4508,67.33,20,0,10.96,CM,2022-02-07 04:51:22,Clear
70,Butaritari,3.0707,172.7902,81.79,76,58,15.86,KI,2022-02-07 04:51:22,Rain
71,Tasiilaq,65.6145,-37.6368,16.7,57,100,63.1,GL,2022-02-07 04:51:23,Snow
72,Ponta Do Sol,32.6667,-17.1,63.23,68,10,9.8,PT,2022-02-07 04:51:23,Clear
73,East London,-33.0153,27.9116,68.94,100,0,3.44,ZA,2022-02-07 04:51:24,Clear
74,Saint-Georges,12.0564,-61.7485,80.28,74,75,14.97,GD,2022-02-07 04:49:22,Clouds
75,Busselton,-33.65,115.3333,68.09,42,49,20.54,AU,2022-02-07 04:51:25,Clouds
76,Avarua,-21.2078,-159.775,78.85,83,40,11.5,CK,2022-02-07 04:51:13,Clouds
77,Chiredzi,-21.05,31.6667,69.44,81,27,7.14,ZW,2022-02-07 04:51:25,Clouds
78,Bengkulu,-3.8004,102.2655,84.24,63,95,12.01,ID,2022-02-07 04:49:17,Rain
79,La Primavera,5.4906,-70.4092,81.91,50,90,4.52,CO,2022-02-07 04:51:26,Clouds
80,Caranavi,-15.8167,-67.55,60.89,99,100,2.08,BO,2022-02-07 04:51:26,Clouds
81,Ribeira Grande,38.5167,-28.7,60.85,83,10,17.63,PT,2022-02-07 04:50:19,Clear
82,Hilo,19.7297,-155.09,69.8,93,76,1.99,US,2022-02-07 04:51:27,Clouds
83,Dikson,73.5069,80.5464,-12.95,96,100,16.55,RU,2022-02-07 04:51:28,Clouds
84,Mosquera,4.7059,-74.2302,55.49,94,75,0.0,CO,2022-02-07 04:51:28,Clouds
85,Ahipara,-35.1667,173.1667,75.24,96,98,6.33,NZ,2022-02-07 04:51:29,Clouds
86,New Norfolk,-42.7826,147.0587,80.65,28,0,4.0,AU,2022-02-07 04:51:29,Clear
87,Gogrial,8.5332,28.1004,63.86,24,36,5.64,SS,2022-02-07 04:51:30,Clouds
88,Gat,31.61,34.7642,54.39,100,7,6.64,IL,2022-02-07 04:51:30,Clear
89,Komsomolskiy,40.4272,71.7189,38.62,87,75,6.91,UZ,2022-02-07 04:41:47,Clouds
90,Kawalu,-7.3817,108.2082,79.77,75,100,3.74,ID,2022-02-07 04:51:31,Rain
91,Kathu,7.9178,98.3332,92.62,67,97,3.42,TH,2022-02-07 04:51:31,Clouds
92,Vila Velha,-20.3297,-40.2925,78.75,90,40,8.01,BR,2022-02-07 04:52:32,Clouds
93,Torrington,41.8007,-73.1212,24.75,85,15,0.63,US,2022-02-07 04:52:32,Clouds
94,Poum,-20.2333,164.0167,81.1,87,100,28.74,NC,2022-02-07 04:52:33,Rain
95,Kahului,20.8947,-156.47,75.22,62,0,20.71,US,2022-02-07 04:52:33,Clear
96,Port Hedland,-20.3167,118.5667,82.45,83,100,12.66,AU,2022-02-07 04:50:21,Rain
97,Hurricane,37.1753,-113.2899,48.67,44,0,8.55,US,2022-02-07 04:52:34,Clear
98,Palauig,15.435,119.9045,84.69,61,35,2.84,PH,2022-02-07 04:52:34,Clouds
99,La Ronge,55.1001,-105.2842,12.45,92,40,6.91,CA,2022-02-07 04:52:35,Clouds
100,Wasilla,61.5814,-149.4394,27.93,89,100,0.0,US,2022-02-07 04:52:35,Snow
101,Atchison,39.563,-95.1216,34.39,77,0,4.63,US,2022-02-07 04:52:36,Clear
102,Opuwo,-18.0607,13.84,67.96,49,99,4.9,NA,2022-02-07 04:52:36,Clouds
103,Itanhaem,-24.1831,-46.7889,79.25,88,80,7.78,BR,2022-02-07 04:52:37,Clouds
104,Panaba,21.2833,-88.2667,68.47,94,13,6.35,MX,2022-02-07 04:52:37,Clouds
105,Sawakin,19.1059,37.3321,67.98,61,47,12.73,SD,2022-02-07 04:52:38,Clouds
106,Sidney,-33.8679,151.2073,74.32,77,75,7.0,AU,2022-02-07 04:50:35,Rain
107,Naze,28.3667,129.4833,56.32,58,100,6.6,JP,2022-02-07 04:52:39,Clouds
108,Yevpatoriya,45.1972,33.3558,43.84,82,51,19.75,UA,2022-02-07 04:52:39,Clouds
109,Vestmannaeyjar,63.4427,-20.2734,37.29,96,100,64.13,IS,2022-02-07 04:52:40,Clouds
110,Aklavik,68.2191,-135.0107,-23.08,88,100,19.46,CA,2022-02-07 04:52:40,Clouds
111,Bartica,6.4,-58.6167,75.52,99,100,1.19,GY,2022-02-07 04:52:41,Clouds
112,Yellowknife,62.456,-114.3525,-3.71,90,0,0.0,CA,2022-02-07 04:52:41,Clear
113,Grand-Santi,4.25,-54.3833,72.1,100,100,1.41,GF,2022-02-07 04:52:42,Clouds
114,Port Elizabeth,-33.918,25.5701,66.49,88,0,2.3,ZA,2022-02-07 04:51:38,Clear
115,Praia,14.9215,-23.5087,66.74,82,20,11.5,CV,2022-02-07 04:52:43,Clouds
116,Castro,-24.7911,-50.0119,60.13,89,6,2.08,BR,2022-02-07 04:52:43,Clear
117,Privolzhskiy,51.4,46.0333,21.7,97,91,2.04,RU,2022-02-07 04:52:44,Clouds
118,Mar Del Plata,-38.0023,-57.5575,65.08,77,40,3.0,AR,2022-02-07 04:52:44,Clouds
119,Caravelas,-17.7125,-39.2481,74.91,90,42,5.1,BR,2022-02-07 04:52:44,Clouds
120,Camacha,33.0833,-16.3333,59.76,67,40,13.8,PT,2022-02-07 04:52:45,Clouds
121,Hovd,48.0056,91.6419,-5.33,71,8,3.36,MN,2022-02-07 04:52:46,Clear
122,Qaanaaq,77.484,-69.3632,-11.18,59,27,7.38,GL,2022-02-07 04:52:46,Clouds
123,Kodiak,57.79,-152.4072,35.11,48,0,13.8,US,2022-02-07 04:49:40,Clear
124,Rio Gallegos,-51.6226,-69.2181,64.45,45,0,32.21,AR,2022-02-07 04:51:15,Clear
125,Alyangula,-13.8483,136.4192,87.67,66,48,8.05,AU,2022-02-07 04:52:47,Clouds
126,Maarianhamina,60.0973,19.9348,26.46,93,0,2.3,AX,2022-02-07 04:52:48,Clear
127,Kattivakkam,13.2167,80.3167,85.06,67,32,7.11,IN,2022-02-07 04:52:48,Clouds
128,Vendas Novas,38.6771,-8.4579,47.82,61,9,5.28,PT,2022-02-07 04:52:49,Clear
129,Nuuk,64.1835,-51.7216,7.88,84,100,8.01,GL,2022-02-07 04:52:49,Clouds
130,Rusape,-18.5278,32.1284,60.04,93,98,6.91,ZW,2022-02-07 04:52:50,Clouds
131,Ancud,-41.8697,-73.8203,53.13,90,4,2.21,CL,2022-02-07 04:48:11,Clear
132,Nara,34.6851,135.8049,48.96,42,88,8.63,JP,2022-02-07 04:52:50,Clouds
133,Jamestown,42.097,-79.2353,28.71,45,0,8.05,US,2022-02-07 04:52:43,Clear
134,Tazovskiy,67.4667,78.7,-24.54,100,92,3.36,RU,2022-02-07 04:52:51,Clouds
135,Ponta Delgada,37.7333,-25.6667,59.5,82,75,8.05,PT,2022-02-07 04:43:37,Clouds
136,Mount Isa,-20.7333,139.5,92.97,31,45,8.05,AU,2022-02-07 04:52:52,Clouds
137,Torbay,47.6666,-52.7314,12.58,81,75,14.97,CA,2022-02-07 04:52:52,Clouds
138,Longyearbyen,78.2186,15.6401,15.82,89,100,5.59,SJ,2022-02-07 04:52:22,Clouds
139,Gemena,3.25,19.7667,66.79,37,92,3.29,CD,2022-02-07 04:52:53,Clouds
140,Dingle,10.9995,122.6711,84.56,62,44,15.05,PH,2022-02-07 04:53:53,Clouds
141,Havelock,34.8791,-76.9013,41.94,86,100,1.01,US,2022-02-07 04:53:54,Clouds
142,Hermanus,-34.4187,19.2345,66.79,92,59,2.24,ZA,2022-02-07 04:51:45,Clouds
143,Souillac,-20.5167,57.5167,81.36,75,100,10.87,MU,2022-02-07 04:53:54,Clouds
144,Mareeba,-17.0,145.4333,84.43,68,50,6.08,AU,2022-02-07 04:53:55,Clouds
145,Tekeli,44.83,78.8239,28.89,95,100,4.76,KZ,2022-02-07 04:53:55,Snow
146,Arinos,-15.9169,-46.1056,67.37,97,100,0.94,BR,2022-02-07 04:53:56,Clouds
147,Vuktyl,63.8567,57.3094,10.13,83,100,7.81,RU,2022-02-07 04:53:56,Clouds
148,Padang,-0.9492,100.3543,86.05,65,100,2.98,ID,2022-02-07 04:53:57,Rain
149,Lompoc,34.6391,-120.4579,59.52,84,0,3.44,US,2022-02-07 04:53:26,Clear
150,Kavieng,-2.5744,150.7967,83.89,69,72,2.04,PG,2022-02-07 04:53:57,Clouds
151,Tezu,27.9167,96.1667,67.19,41,1,4.27,IN,2022-02-07 04:53:58,Clear
152,Antibes,43.5624,7.1278,56.44,80,20,11.5,FR,2022-02-07 04:53:58,Clouds
153,Emerald,-23.5333,148.1667,86.14,35,75,4.61,AU,2022-02-07 04:53:59,Clouds
154,Nalut,30.3333,10.85,51.85,27,97,8.75,LY,2022-02-07 04:53:11,Clouds
155,Vilyuysk,63.7553,121.6247,-15.86,95,100,7.27,RU,2022-02-07 04:51:17,Clouds
156,Tuktoyaktuk,69.4541,-133.0374,-31.0,75,75,12.66,CA,2022-02-07 04:50:37,Mist
157,Te Anau,-45.4167,167.7167,71.38,41,23,2.33,NZ,2022-02-07 04:46:29,Clouds
158,Sorland,67.667,12.6934,30.27,60,99,22.73,NO,2022-02-07 04:54:00,Clouds
159,Saint-Philippe,-21.3585,55.7679,81.99,82,95,15.52,RE,2022-02-07 04:54:01,Clouds
160,Vostok,46.4856,135.8833,7.39,82,99,6.96,RU,2022-02-07 04:54:01,Clouds
161,Constitucion,-35.3333,-72.4167,57.13,81,0,2.71,CL,2022-02-07 04:54:02,Clear
162,Adrar,20.5022,-10.0711,61.63,11,2,10.09,MR,2022-02-07 04:54:02,Clear
163,Pizarro,4.9533,-77.366,76.1,85,50,1.79,CO,2022-02-07 04:54:03,Rain
164,Ilulissat,69.2167,-51.1,-4.86,98,100,8.01,GL,2022-02-07 04:54:03,Clouds
165,Barra Patuca,15.8,-84.2833,74.34,67,14,5.7,HN,2022-02-07 04:54:04,Clouds
166,Vanimo,-2.6741,141.3028,83.14,73,100,4.41,PG,2022-02-07 04:54:04,Clouds
167,Kaohsiung,22.6163,120.3133,71.69,71,75,3.0,TW,2022-02-07 04:54:05,Clouds
168,Nikel,69.4128,30.222,19.58,94,58,6.33,RU,2022-02-07 04:54:05,Clouds
169,Macusani,-14.0833,-70.4333,36.07,90,100,0.87,PE,2022-02-07 04:54:06,Clouds
170,Provideniya,64.3833,-173.3,-0.29,65,4,4.47,RU,2022-02-07 04:53:48,Clear
171,Port Blair,11.6667,92.75,82.44,78,40,12.66,IN,2022-02-07 04:51:07,Clouds
172,Goderich,43.7501,-81.7165,28.9,69,98,13.8,CA,2022-02-07 04:50:42,Clouds
173,Kommunisticheskiy,61.6789,64.4819,7.95,94,100,7.96,RU,2022-02-07 04:54:07,Clouds
174,Itarema,-2.9248,-39.9167,76.95,84,2,7.2,BR,2022-02-07 04:53:17,Clear
175,Zeya,53.75,127.2667,6.91,63,46,2.33,RU,2022-02-07 04:53:47,Clouds
176,College,64.8569,-147.8028,-5.91,79,100,4.05,US,2022-02-07 04:53:21,Clouds
177,Saiha,22.4833,92.9667,72.41,21,7,4.0,IN,2022-02-07 04:54:08,Clear
178,Esqueda,30.7167,-109.5833,45.57,26,2,10.4,MX,2022-02-07 04:54:09,Clear
179,Charleston,32.7766,-79.9309,47.01,74,100,5.99,US,2022-02-07 04:54:09,Clouds
180,Georgetown,5.4112,100.3354,88.9,74,20,3.0,MY,2022-02-07 04:50:56,Clouds
181,Uyskoye,54.3775,60.0047,10.15,90,100,3.71,RU,2022-02-07 04:54:10,Clouds
182,Krasnoselkup,65.7,82.4667,-18.17,99,42,6.73,RU,2022-02-07 04:54:11,Clouds
183,Ilhabela,-23.7781,-45.3581,75.94,94,100,3.96,BR,2022-02-07 04:54:11,Rain
184,Meulaboh,4.1363,96.1285,79.59,82,98,4.41,ID,2022-02-07 04:54:12,Clouds
185,Norman Wells,65.282,-126.8329,-12.96,70,100,20.71,CA,2022-02-07 04:54:12,Snow
186,Asau,46.4333,26.4,33.96,67,100,7.78,RO,2022-02-07 04:54:13,Clouds
187,Cayenne,4.9333,-52.3333,80.1,87,75,4.0,GF,2022-02-07 04:53:06,Clouds
188,Pangoa,-12.1167,-73.0,67.23,89,100,2.62,PE,2022-02-07 04:55:13,Clouds
189,Filingue,14.3521,3.3168,63.19,14,0,10.83,NE,2022-02-07 04:55:14,Clear
190,Pisco,-13.7,-76.2167,66.02,94,40,4.61,PE,2022-02-07 04:55:14,Clouds
191,Callaway,30.153,-85.5699,49.17,88,0,1.99,US,2022-02-07 04:55:15,Clear
192,Antofagasta,-23.65,-70.4,63.68,76,19,1.74,CL,2022-02-07 04:55:15,Clouds
193,Namibe,-15.1961,12.1522,72.95,68,93,7.34,AO,2022-02-07 04:54:17,Clouds
194,Mancio Lima,-7.6142,-72.8958,73.06,97,100,2.08,BR,2022-02-07 04:55:16,Clouds
195,Tiksi,71.6872,128.8694,-18.04,98,100,6.93,RU,2022-02-07 04:55:16,Clouds
196,Hasaki,35.7333,140.8333,46.8,31,6,3.33,JP,2022-02-07 04:55:17,Clear
197,Lavrentiya,65.5833,-171.0,-20.47,91,59,8.88,RU,2022-02-07 04:55:17,Clouds
198,Boa Vista,2.8197,-60.6733,82.38,65,20,8.05,BR,2022-02-07 04:55:18,Clouds
199,Stephenville Crossing,48.5,-58.4318,15.93,57,75,18.41,CA,2022-02-07 04:55:18,Clouds
200,Kemise,10.7167,39.8667,62.2,83,89,3.18,ET,2022-02-07 04:55:19,Clouds
201,Yinchuan,38.4681,106.2731,26.04,68,100,2.28,CN,2022-02-07 04:55:20,Clouds
202,Zalantun,48.0,122.7167,18.59,59,10,5.88,CN,2022-02-07 04:55:20,Clear
203,Saskylakh,71.9167,114.0833,-26.66,100,91,4.59,RU,2022-02-07 04:55:21,Clouds
204,Arkhipo-Osipovka,44.37,38.52,41.34,73,99,18.16,RU,2022-02-07 04:55:21,Clouds
205,Faya,18.3851,42.4509,50.52,77,11,2.66,SA,2022-02-07 04:55:22,Clouds
206,Akdepe,42.0551,59.3788,30.29,56,98,8.55,TM,2022-02-07 04:55:22,Clouds
207,Beloha,-25.1667,45.05,74.73,91,100,12.46,MG,2022-02-07 04:54:03,Rain
208,San Jose,37.3394,-121.895,57.06,60,0,4.61,US,2022-02-07 04:51:10,Clear
209,Palmer,42.1584,-72.3287,21.69,79,75,0.0,US,2022-02-07 04:55:23,Clouds
210,Viedma,-40.8135,-62.9967,60.31,79,0,8.08,AR,2022-02-07 04:52:10,Clear
211,Cherdyn,60.403,56.4787,3.07,95,100,4.32,RU,2022-02-07 04:55:24,Clouds
212,Kamiiso,41.8167,140.65,30.58,69,75,17.27,JP,2022-02-07 04:55:24,Snow
213,Gurupi,-11.7292,-49.0686,71.73,96,100,3.2,BR,2022-02-07 04:55:25,Clouds
214,Neuquen,-38.9516,-68.0591,73.29,35,0,6.91,AR,2022-02-07 04:55:25,Clear
215,Geraldton,-28.7667,114.6,78.13,31,40,20.71,AU,2022-02-07 04:55:26,Clouds
216,Riberalta,-10.9833,-66.1,72.39,99,100,2.3,BO,2022-02-07 04:55:26,Clouds
217,Xining,36.6167,101.7667,18.07,58,70,2.04,CN,2022-02-07 04:55:27,Clouds
218,Nantucket,41.2835,-70.0995,34.14,72,0,11.5,US,2022-02-07 04:50:40,Clear
219,Road Town,18.4167,-64.6167,75.99,74,88,23.51,VG,2022-02-07 04:53:27,Clouds
220,Hwange,-18.3693,26.5019,66.06,79,33,4.74,ZW,2022-02-07 04:55:28,Clouds
221,Katsuura,35.1333,140.3,48.24,32,27,2.35,JP,2022-02-07 04:55:28,Clouds
222,Salalah,17.0151,54.0924,71.46,28,67,17.43,OM,2022-02-07 04:53:33,Clouds
223,Acapulco,16.8634,-99.8901,77.14,72,9,7.38,MX,2022-02-07 04:52:43,Clear
224,Eucaliptus,-17.5833,-67.5167,44.82,81,100,6.17,BO,2022-02-07 04:55:29,Clouds
225,Nizhniy Tsasuchey,50.5167,115.1333,20.59,72,7,10.22,RU,2022-02-07 04:55:30,Clear
226,Carnarvon,-24.8667,113.6333,80.67,36,5,23.02,AU,2022-02-07 04:55:30,Clear
227,Talnakh,69.4865,88.3972,-26.07,95,56,2.08,RU,2022-02-07 04:55:31,Clouds
228,Valle De Allende,26.9333,-105.4,47.26,28,72,9.55,MX,2022-02-07 04:55:31,Clouds
229,Kytmanovo,53.4593,85.4479,8.98,93,100,1.9,RU,2022-02-07 04:55:32,Clouds
230,Tabou,4.423,-7.3528,78.03,85,99,5.12,CI,2022-02-07 04:55:32,Rain
231,Dubbo,-32.25,148.6167,78.93,38,40,11.5,AU,2022-02-07 04:55:30,Clouds
232,Kagoro,9.6,8.3833,63.45,27,0,5.26,NG,2022-02-07 04:55:33,Clear
233,Staryy Nadym,65.6118,72.6842,-11.09,100,95,9.57,RU,2022-02-07 04:55:33,Clouds
234,Veraval,20.9,70.3667,70.99,54,6,7.0,IN,2022-02-07 04:56:26,Clear
235,Arraial Do Cabo,-22.9661,-42.0278,74.86,93,1,14.88,BR,2022-02-07 04:56:34,Clear
236,Ulladulla,-35.35,150.4667,72.5,60,24,13.15,AU,2022-02-07 04:56:35,Clouds
237,Saint George,37.1041,-113.5841,48.63,29,0,5.66,US,2022-02-07 04:56:35,Clear
238,Malkerns,-26.5667,31.1833,66.43,88,40,2.98,SZ,2022-02-07 04:56:36,Clouds
239,Baykit,61.67,96.37,3.2,91,43,2.57,RU,2022-02-07 04:56:36,Clouds
240,Guane,22.2025,-84.0875,66.42,81,0,5.37,CU,2022-02-07 04:56:37,Clear
241,Calama,-22.4667,-68.9333,48.69,18,42,13.8,CL,2022-02-07 04:56:37,Clouds
242,Harper,4.375,-7.7169,78.06,85,99,5.35,LR,2022-02-07 04:56:38,Rain
243,Tobias Barreto,-11.1839,-37.9983,72.72,93,98,5.41,BR,2022-02-07 04:56:38,Clouds
244,Pangnirtung,66.1451,-65.7125,-38.67,95,100,4.85,CA,2022-02-07 04:56:39,Clouds
245,Seguela,7.9611,-6.6731,68.94,38,91,1.59,CI,2022-02-07 04:56:39,Clouds
246,Makakilo City,21.3469,-158.0858,73.0,74,0,14.18,US,2022-02-07 04:56:23,Clear
247,Westport,41.1415,-73.3579,31.44,77,56,3.0,US,2022-02-07 04:54:37,Clouds
248,Huarmey,-10.0681,-78.1522,71.01,80,100,6.15,PE,2022-02-07 04:56:40,Clouds
249,Bontang,0.1333,117.5,84.69,69,100,13.42,ID,2022-02-07 04:56:40,Clouds
250,Mangrol,21.1167,70.1167,70.16,55,5,7.16,IN,2022-02-07 04:53:07,Clear
251,Najran,17.4924,44.1277,48.85,50,41,2.73,SA,2022-02-07 04:56:41,Clouds
252,Nainpur,22.4333,80.1167,75.56,18,0,3.42,IN,2022-02-07 04:56:42,Clear
253,Jingdezhen,29.2947,117.2079,36.81,99,100,2.33,CN,2022-02-07 04:56:42,Rain
254,Pervomayskoye,43.919,46.7102,34.36,69,92,11.81,RU,2022-02-07 04:56:43,Clouds
255,San Cristobal,7.7669,-72.225,69.98,83,63,1.39,VE,2022-02-07 04:51:56,Clouds
256,Alta Floresta,-9.8756,-56.0861,71.15,97,95,1.79,BR,2022-02-07 04:56:43,Clouds
257,Kaeo,-35.1,173.7833,76.32,96,100,6.26,NZ,2022-02-07 04:56:44,Clouds
258,Lebu,-37.6167,-73.65,58.28,93,5,13.67,CL,2022-02-07 04:56:44,Clear
259,Kruisfontein,-34.0033,24.7314,71.73,60,0,5.35,ZA,2022-02-07 04:56:45,Clear
260,Findhorn,57.6572,-3.6085,37.35,86,69,10.94,GB,2022-02-07 04:56:45,Clouds
261,Sulangan,11.1373,123.7228,81.57,70,52,7.92,PH,2022-02-07 04:56:46,Clouds
262,Mezen,65.8522,44.24,11.26,92,99,10.11,RU,2022-02-07 04:56:46,Clouds
263,Chopinzinho,-25.8558,-52.5233,56.98,73,8,3.96,BR,2022-02-07 04:56:47,Clear
264,Puerto Carreno,6.189,-67.4859,81.05,60,69,0.47,CO,2022-02-07 04:56:47,Clouds
265,Tinsukia,27.5,95.3667,67.86,55,0,0.81,IN,2022-02-07 04:56:48,Clear
266,Marzuq,14.4,46.4667,62.28,42,100,2.77,YE,2022-02-07 04:56:48,Clouds
267,Keti Bandar,24.1447,67.4497,72.97,67,8,8.03,PK,2022-02-07 04:56:48,Clear
268,Beringovskiy,63.05,179.3167,-17.16,95,19,5.91,RU,2022-02-07 04:56:49,Clouds
269,Hervey Bay,-25.2986,152.8535,79.03,78,75,10.0,AU,2022-02-07 04:56:50,Rain
270,Deputatskiy,69.3,139.9,-32.8,94,85,4.83,RU,2022-02-07 04:56:50,Clouds
271,Obo,5.3998,26.4869,64.38,22,69,6.13,CF,2022-02-07 04:56:51,Clouds
272,Pangai,-19.8,-174.35,76.84,89,100,23.26,TO,2022-02-07 04:56:51,Rain
273,Takoradi,4.8845,-1.7554,78.66,86,94,5.39,GH,2022-02-07 04:56:52,Clouds
274,Mackay,-21.15,149.2,82.38,65,42,18.41,AU,2022-02-07 04:56:52,Clouds
275,Warrington,53.3925,-2.5802,41.86,88,20,1.01,GB,2022-02-07 04:56:53,Clouds
276,Gambo,4.6482,22.2633,62.06,28,71,4.45,CF,2022-02-07 04:56:53,Clouds
277,Chuy,-33.6971,-53.4616,62.78,80,48,14.2,UY,2022-02-07 04:54:35,Clouds
278,Sarai Sidhu,30.5949,71.9698,53.37,45,3,6.98,PK,2022-02-07 04:56:54,Clear
279,Waingapu,-9.6567,120.2641,88.21,61,19,13.24,ID,2022-02-07 04:56:54,Clouds
280,Uthal,25.8072,66.6219,70.63,68,0,0.51,PK,2022-02-07 04:56:55,Clear
281,Chokurdakh,70.6333,147.9167,-41.58,99,85,3.22,RU,2022-02-07 04:57:55,Clouds
282,Vitim,59.4511,112.5578,11.73,87,100,4.03,RU,2022-02-07 04:57:56,Snow
283,Sokol,59.4617,40.1206,6.49,96,90,7.29,RU,2022-02-07 04:57:56,Clouds
284,Livingston,55.9029,-3.5226,36.1,83,0,9.22,GB,2022-02-07 04:57:57,Clear
285,Olinda,-8.0089,-34.8553,82.13,69,40,5.75,BR,2022-02-07 04:57:57,Clouds
286,Fenoarivo,-18.933,47.4354,68.07,83,75,9.22,MG,2022-02-07 04:57:58,Clouds
287,Sindou,10.6667,-5.1667,70.7,15,3,5.35,BF,2022-02-07 04:57:58,Clear
288,Adelaide,-34.9333,138.6,95.56,22,0,4.0,AU,2022-02-07 04:54:38,Clear
289,Dolgorukovo,52.3195,38.3453,24.08,96,100,10.56,RU,2022-02-07 04:57:59,Clouds
290,Victoria,22.2855,114.1577,64.36,88,100,3.0,HK,2022-02-07 04:55:10,Rain
291,Upata,8.0086,-62.3989,69.12,96,59,4.9,VE,2022-02-07 04:58:00,Clouds
292,Korla,41.7597,86.1469,28.72,38,53,2.48,CN,2022-02-07 04:58:00,Clouds
293,Shingu,33.7333,135.9833,45.59,36,63,9.44,JP,2022-02-07 04:58:01,Clouds
294,Larsnes,62.2028,5.5773,40.01,97,92,4.81,NO,2022-02-07 04:58:01,Clouds
295,Verkhnevilyuysk,63.4453,120.3167,-8.99,94,100,7.05,RU,2022-02-07 04:58:02,Clouds
296,Brookhaven,31.5791,-90.4407,33.8,70,0,3.09,US,2022-02-07 04:58:02,Clear
297,Peace River,56.2501,-117.286,43.11,56,75,35.68,CA,2022-02-07 04:57:34,Clouds
298,Ulaanbaatar,47.9077,106.8832,8.73,52,16,2.24,MN,2022-02-07 04:58:03,Clouds
299,Sao Filipe,14.8961,-24.4956,71.58,76,9,3.22,CV,2022-02-07 04:58:04,Clear
300,Chernyshevskiy,63.0128,112.4714,-2.87,92,100,4.43,RU,2022-02-07 04:58:04,Clouds
301,Iqaluit,63.7506,-68.5145,-38.47,67,40,4.61,CA,2022-02-07 04:54:35,Clouds
302,Usinsk,65.9939,57.5281,6.35,85,100,8.48,RU,2022-02-07 04:58:05,Clouds
303,Heishan,41.6892,122.1128,29.95,31,56,4.54,CN,2022-02-07 04:58:05,Clouds
304,Berezovyy,51.6667,135.7,11.5,80,100,2.37,RU,2022-02-07 04:58:06,Clouds
305,Peshkopi,41.685,20.4289,39.25,99,77,4.38,AL,2022-02-07 04:58:06,Clouds
306,Jardim,-21.4803,-56.1381,68.56,87,69,5.41,BR,2022-02-07 04:58:07,Clouds
307,Kindu,-2.95,25.95,69.08,99,100,4.59,CD,2022-02-07 04:58:07,Rain
308,Petropavlovsk-Kamchatskiy,53.0452,158.6483,28.99,74,75,15.66,RU,2022-02-07 04:58:08,Snow
309,Nouakchott,18.0858,-15.9785,62.53,49,26,9.01,MR,2022-02-07 04:58:08,Clouds
310,Wajima,37.4,136.9,32.68,100,100,2.3,JP,2022-02-07 04:58:09,Clouds
311,Umm Lajj,25.0213,37.2685,64.98,34,0,14.97,SA,2022-02-07 04:58:09,Clear
312,Hanstholm,57.1167,8.6167,39.51,70,5,28.9,DK,2022-02-07 04:58:09,Clear
313,Kavaratti,10.5669,72.642,78.01,67,11,7.85,IN,2022-02-07 04:58:10,Clouds
314,Tautira,-17.7333,-149.15,82.42,77,68,20.2,PF,2022-02-07 04:54:38,Rain
315,Marsabit,2.3284,37.9899,66.74,64,85,15.05,KE,2022-02-07 04:58:11,Clouds
316,Sao Joao Da Barra,-21.6403,-41.0511,75.24,89,1,15.66,BR,2022-02-07 04:55:55,Clear
317,Tura,25.5198,90.2201,65.1,48,12,4.27,IN,2022-02-07 04:56:07,Clouds
318,Puerto Colombia,10.9878,-74.9547,78.89,82,0,26.28,CO,2022-02-07 04:58:12,Clear
319,Frydlant Nad Ostravici,49.5928,18.3597,40.28,92,100,11.99,CZ,2022-02-07 04:58:12,Rain
320,Trincomalee,8.5711,81.2335,81.14,68,78,12.55,LK,2022-02-07 04:58:13,Clouds
321,Slatina,44.4333,24.3667,34.29,59,99,2.46,RO,2022-02-07 04:58:13,Clouds
322,Tacuarembo,-31.7333,-55.9833,55.53,70,0,5.66,UY,2022-02-07 04:54:27,Clear
323,Margate,51.3813,1.3862,40.75,72,11,8.99,GB,2022-02-07 04:58:14,Clouds
324,Puerto Penasco,31.3167,-113.5333,60.91,20,0,11.25,MX,2022-02-07 04:58:14,Clear
325,Brigantine,39.4101,-74.3646,40.01,85,54,2.77,US,2022-02-07 04:56:41,Rain
326,Kerrville,30.0474,-99.1403,43.92,71,0,3.44,US,2022-02-07 04:54:11,Clear
327,Fort Madison,40.6298,-91.3151,22.42,79,28,10.85,US,2022-02-07 04:58:15,Clouds
328,Bac Giang,21.2667,106.2,62.67,78,100,3.24,VN,2022-02-07 04:58:16,Clouds
329,Qinzhou,21.95,108.6167,61.41,94,100,5.68,CN,2022-02-07 04:58:16,Clouds
330,Presidencia Roque Saenz Pena,-26.7852,-60.4388,63.77,42,0,6.06,AR,2022-02-07 04:59:17,Clear
331,Straumen,63.8709,11.2999,35.6,88,97,7.25,NO,2022-02-07 04:59:17,Clouds
332,Ballina,-28.8667,153.5667,71.78,84,75,12.66,AU,2022-02-07 04:59:18,Clouds
333,Kulhudhuffushi,6.6221,73.07,80.76,68,32,9.95,MV,2022-02-07 04:59:18,Clouds
334,Mahebourg,-20.4081,57.7,81.25,77,100,11.3,MU,2022-02-07 04:59:18,Clouds
335,Mezhdurechensk,53.6942,88.0603,21.04,83,100,2.1,RU,2022-02-07 04:59:19,Clouds
336,Christchurch,-43.5333,172.6333,63.95,66,75,1.01,NZ,2022-02-07 04:58:13,Clouds
337,Russkiy Aktash,55.0384,52.1214,22.35,97,98,2.98,RU,2022-02-07 04:59:20,Snow
338,Maniitsoq,65.4167,-52.9,3.38,84,100,11.56,GL,2022-02-07 04:59:20,Clouds
339,Maceio,-9.6658,-35.7353,74.64,88,0,4.61,BR,2022-02-07 04:59:21,Clear
340,Tawang,27.5833,91.8667,41.54,41,0,6.06,IN,2022-02-07 04:59:21,Clear
341,Sao Miguel Do Araguaia,-13.275,-50.1628,72.14,95,97,4.23,BR,2022-02-07 04:59:22,Clouds
342,Thompson,55.7435,-97.8558,-5.64,77,75,4.61,CA,2022-02-07 04:58:55,Clouds
343,Campbellton,48.0075,-66.6727,5.45,98,100,2.53,CA,2022-02-07 04:59:23,Snow
344,Los Llanos De Aridane,28.6585,-17.9182,61.12,68,75,18.01,ES,2022-02-07 04:59:24,Clouds
345,Luderitz,-26.6481,15.1594,68.63,74,61,2.55,NA,2022-02-07 04:59:24,Clouds
346,Tuatapere,-46.1333,167.6833,59.83,48,0,6.8,NZ,2022-02-07 04:56:23,Clear
347,Teknaf,20.8624,92.3058,74.39,38,42,10.85,BD,2022-02-07 04:59:25,Clouds
348,Yar-Sale,66.8333,70.8333,-8.0,99,48,10.0,RU,2022-02-07 04:54:44,Clouds
349,Omboue,-1.5746,9.2618,76.69,89,78,5.23,GA,2022-02-07 04:59:26,Clouds
350,Marathon,44.9,-89.7668,13.95,79,100,11.5,US,2022-02-07 04:59:26,Clouds
351,Sosnovo-Ozerskoye,52.5249,111.5418,12.96,85,97,10.27,RU,2022-02-07 04:59:27,Clouds
352,Juneau,58.3019,-134.4197,41.85,99,100,5.55,US,2022-02-07 04:59:27,Clouds
353,Pauini,-7.7136,-66.9764,73.83,94,100,0.87,BR,2022-02-07 04:59:28,Clouds
354,Turukhansk,65.8167,87.9833,-16.76,98,58,3.96,RU,2022-02-07 04:57:53,Clouds
355,Prince Rupert,54.3161,-130.3201,42.89,87,100,26.46,CA,2022-02-07 04:59:28,Mist
356,Starkville,33.4504,-88.8184,32.67,67,0,1.48,US,2022-02-07 04:56:46,Clear
357,Agadez,19.75,10.25,54.45,20,0,4.7,NE,2022-02-07 04:59:29,Clear
358,Bubaque,11.2833,-15.8333,76.17,68,22,8.25,GW,2022-02-07 04:59:29,Clouds
359,Tessalit,20.1986,1.0114,58.64,17,0,6.33,ML,2022-02-07 04:59:30,Clear
360,Motygino,58.1831,94.7592,12.04,92,100,2.17,RU,2022-02-07 04:59:30,Clouds
361,Paita,-5.0892,-81.1144,71.96,78,89,9.46,PE,2022-02-07 04:59:31,Clouds
362,Abha,18.2164,42.5053,50.25,87,20,6.91,SA,2022-02-07 04:59:32,Clouds
363,Faanui,-16.4833,-151.75,81.3,75,90,20.36,PF,2022-02-07 04:59:32,Clouds
364,Grindavik,63.8424,-22.4338,34.27,100,100,56.39,IS,2022-02-07 04:59:33,Snow
365,Carahue,-38.7,-73.1667,55.6,95,7,2.37,CL,2022-02-07 04:59:33,Clear
366,Cherskiy,68.75,161.3,-30.44,100,38,1.77,RU,2022-02-07 04:59:34,Clouds
367,Sinnar,13.5691,33.5672,62.87,29,93,11.72,SD,2022-02-07 04:59:34,Clouds
368,Hamilton,39.1834,-84.5333,28.76,88,100,2.89,US,2022-02-07 04:58:57,Clouds
369,Bohodukhiv,50.1647,35.5276,32.04,95,62,12.53,UA,2022-02-07 04:59:35,Clouds
370,Pingliang,35.5392,106.6861,22.96,74,99,1.86,CN,2022-02-07 04:59:36,Clouds
371,Grand Gaube,-20.0064,57.6608,81.37,76,92,5.01,MU,2022-02-07 04:55:41,Clouds
372,Bairnsdale,-37.8333,147.6167,72.46,67,1,8.01,AU,2022-02-07 04:59:36,Clear
373,Puro,12.4841,123.3827,83.86,66,78,11.88,PH,2022-02-07 04:59:37,Clouds
374,Monrovia,6.3005,-10.7969,76.8,85,98,1.39,LR,2022-02-07 04:59:37,Rain
375,Coahuayana,18.7333,-103.6833,68.7,73,58,3.98,MX,2022-02-07 05:00:43,Clouds
376,Port-Gentil,-0.7193,8.7815,79.65,84,44,10.02,GA,2022-02-07 05:00:48,Clouds
377,Murgab,37.4966,61.9714,41.65,60,100,13.29,TM,2022-02-07 05:00:49,Clouds
378,Mpika,-11.8343,31.4529,60.6,99,100,2.28,ZM,2022-02-07 05:00:50,Rain
379,Prabumulih,-3.45,104.25,88.29,53,98,5.26,ID,2022-02-07 05:00:51,Clouds
380,Portland,45.5234,-122.6762,48.18,88,16,3.0,US,2022-02-07 04:59:39,Clouds
381,Paulo Afonso,-9.4061,-38.2147,73.94,84,52,7.58,BR,2022-02-07 05:00:52,Clouds
382,Sechura,-5.5569,-80.8222,72.43,74,92,8.41,PE,2022-02-07 05:00:52,Clouds
383,Aguimes,27.9054,-15.4461,61.43,82,40,19.57,ES,2022-02-07 05:00:53,Clouds
384,Adra,36.7496,-3.0206,53.82,76,0,2.01,ES,2022-02-07 05:00:54,Clear
385,Santa Vitoria Do Palmar,-33.5189,-53.3681,62.73,75,36,14.79,BR,2022-02-07 05:00:54,Clouds
386,Moyamba,8.1667,-12.4333,71.1,98,12,0.69,SL,2022-02-07 05:00:55,Clouds
387,Zhigansk,66.7697,123.3711,-28.07,98,92,2.55,RU,2022-02-07 05:00:55,Clouds
388,Praia Da Vitoria,38.7333,-27.0667,59.76,92,31,15.64,PT,2022-02-07 05:00:56,Clouds
389,Waipawa,-41.4122,175.5153,59.94,91,100,9.53,NZ,2022-02-07 05:00:56,Clouds
390,Ziarat,30.3823,67.7282,38.17,29,0,3.83,PK,2022-02-07 05:00:57,Clear
391,Monte Patria,-30.6919,-70.9467,70.32,58,0,2.04,CL,2022-02-07 05:00:58,Clear
392,Acajutla,13.5928,-89.8275,79.81,62,16,5.77,SV,2022-02-07 05:00:58,Clouds
393,Sisophon,13.5859,102.9737,90.86,41,99,6.17,KH,2022-02-07 05:00:59,Clouds
394,Thinadhoo,0.5333,72.9333,82.63,63,97,13.53,MV,2022-02-07 04:58:52,Clouds
395,Comodoro Rivadavia,-45.8667,-67.5,70.25,45,6,16.28,AR,2022-02-07 05:01:00,Clear
396,Kinablangan,7.6947,126.5503,80.78,82,75,7.72,PH,2022-02-07 05:01:00,Clouds
397,Alugan,12.2188,125.4808,80.53,81,73,16.44,PH,2022-02-07 05:01:01,Clouds
398,Basse,52.5518,9.5069,39.52,90,75,20.71,DE,2022-02-07 05:01:02,Clouds
399,Innisfail,-17.5333,146.0333,86.22,82,27,6.93,AU,2022-02-07 04:59:28,Clouds
400,Aguada De Pasajeros,22.385,-80.8508,68.2,84,42,7.0,CU,2022-02-07 05:01:02,Rain
401,Mount Gambier,-37.8333,140.7667,86.77,21,0,7.74,AU,2022-02-07 05:01:03,Clear
402,Santa Comba,43.0331,-8.8093,43.3,97,32,3.6,ES,2022-02-07 05:01:04,Clouds
403,Crotone,39.0851,17.1178,48.92,77,8,10.04,IT,2022-02-07 05:01:04,Clear
404,Leh,34.1667,77.5833,14.02,92,100,3.94,IN,2022-02-07 04:56:08,Clouds
405,San Andres,12.5847,-81.7006,79.45,71,1,13.02,CO,2022-02-07 05:01:05,Clear
406,Klaksvik,62.2266,-6.589,27.52,46,100,6.22,FO,2022-02-07 05:01:06,Clouds
407,Chapais,49.7834,-74.8492,4.78,96,100,4.38,CA,2022-02-07 05:01:07,Snow
408,Lyubim,58.3625,40.6843,3.76,99,98,5.39,RU,2022-02-07 05:01:07,Clouds
409,Guatire,10.4762,-66.5427,75.2,98,72,0.76,VE,2022-02-07 05:01:08,Clouds
410,Guerrero Negro,27.9769,-114.0611,59.52,62,0,2.53,MX,2022-02-07 04:59:40,Clear
411,Knysna,-34.0363,23.0471,66.58,68,0,3.22,ZA,2022-02-07 05:01:08,Clear
412,Mopipi,-21.1833,24.8833,67.41,66,0,13.04,BW,2022-02-07 05:01:09,Clear
413,Kaseda,31.4167,130.3167,49.66,56,100,7.81,JP,2022-02-07 05:01:09,Clouds
414,San Quintin,30.4833,-115.95,57.34,47,0,1.63,MX,2022-02-07 05:01:10,Clear
415,Honningsvag,70.9821,25.9704,22.75,74,20,14.97,NO,2022-02-07 04:59:04,Clouds
416,Saint Anthony,45.0205,-93.218,7.95,73,0,1.99,US,2022-02-07 05:01:10,Clear
417,Nushki,29.5542,66.0215,56.01,20,6,2.42,PK,2022-02-07 05:01:11,Clear
418,Grandview,38.8858,-94.533,33.15,71,11,5.97,US,2022-02-07 05:01:11,Clouds
419,Mishan,45.55,131.8833,12.96,75,75,11.52,CN,2022-02-07 05:01:12,Clouds
420,Saldanha,-33.0117,17.9442,62.38,97,37,7.47,ZA,2022-02-07 05:01:12,Clouds
421,Vila,42.0304,-8.1588,38.32,84,36,5.23,PT,2022-02-07 05:02:13,Clouds
422,Bafra,41.5678,35.9069,37.49,71,66,9.78,TR,2022-02-07 05:02:13,Clouds
423,Malayal,7.208,121.942,86.68,61,100,2.53,PH,2022-02-07 05:02:14,Clouds
424,Biloela,-24.4167,150.5,82.17,41,53,12.15,AU,2022-02-07 05:02:15,Clouds
425,Uspenskaya,45.7645,41.067,30.49,94,97,6.58,RU,2022-02-07 05:02:15,Clouds
426,Rawlins,41.7911,-107.2387,28.62,54,0,14.97,US,2022-02-07 05:02:16,Clear
427,Husavik,66.0449,-17.3389,23.74,76,100,27.74,IS,2022-02-07 05:02:16,Snow
428,Abu Kamal,34.4506,40.9171,50.4,59,79,4.0,SY,2022-02-07 05:02:16,Clouds
429,Pontianak,-0.0333,109.3333,85.98,70,75,4.61,ID,2022-02-07 05:02:17,Clouds
430,Altoona,40.5187,-78.3947,25.27,82,41,2.95,US,2022-02-07 05:00:02,Clouds
431,Chicama,-7.8447,-79.1469,71.22,75,99,4.83,PE,2022-02-07 05:02:18,Clouds
432,Itacoatiara,-3.1431,-58.4442,73.76,95,100,2.28,BR,2022-02-07 05:02:18,Clouds
433,Nhulunbuy,-12.2333,136.7667,88.41,62,100,10.36,AU,2022-02-07 05:02:18,Clouds
434,Qaqortoq,60.7167,-46.0333,12.7,64,100,44.98,GL,2022-02-07 05:02:19,Snow
435,Bonthe,7.5264,-12.505,76.12,91,64,1.19,SL,2022-02-07 05:02:20,Clouds
436,Kenora,49.8167,-94.4337,-7.62,100,93,3.04,CA,2022-02-07 05:02:20,Clouds
437,Marsa Matruh,31.3525,27.2453,55.4,59,16,8.59,EG,2022-02-07 05:02:20,Clouds
438,Ambo,-10.1308,-76.2047,59.58,93,100,1.01,PE,2022-02-07 04:59:17,Rain
439,Miranda,3.2499,-76.2281,66.74,97,100,1.72,CO,2022-02-07 05:02:21,Clouds
440,Chateau-Thierry,49.05,3.4,40.98,78,13,11.9,FR,2022-02-07 05:02:22,Clouds
441,Sola,-13.8833,167.55,82.2,80,100,21.88,VU,2022-02-07 05:02:22,Rain
442,Kusa,55.3383,59.4406,16.14,80,100,2.82,RU,2022-02-07 05:02:22,Clouds
443,Dunbar,38.3606,-81.7374,28.65,94,0,0.0,US,2022-02-07 05:02:23,Clear
444,Forestville,38.8451,-76.875,33.28,59,100,0.0,US,2022-02-07 05:02:23,Clouds
445,Rocha,-34.4833,-54.3333,62.87,78,90,14.43,UY,2022-02-07 05:01:03,Clouds
446,Columbus,39.9612,-82.9988,27.28,94,75,3.44,US,2022-02-07 04:59:33,Fog
447,Turbat,26.0023,63.044,69.6,71,0,0.81,PK,2022-02-07 05:02:24,Clear
448,The Valley,18.217,-63.0578,77.09,68,91,22.1,AI,2022-02-07 05:02:25,Clouds
449,Cocorit,27.5833,-109.9667,57.4,55,0,3.85,MX,2022-02-07 05:02:25,Clear
450,Puerto Baquerizo Moreno,-0.9,-89.6,73.17,81,1,9.93,EC,2022-02-07 05:00:53,Clear
451,Broome,42.2506,-75.833,23.9,82,0,1.01,US,2022-02-07 05:02:26,Clear
452,Sinnamary,5.3833,-52.95,76.71,89,100,7.76,GF,2022-02-07 05:01:14,Clouds
453,Lensk,60.7253,114.9278,6.93,89,100,5.39,RU,2022-02-07 05:01:43,Clouds
454,Clinton,42.587,-82.9199,27.37,76,72,1.99,US,2022-02-07 05:01:53,Clouds
455,Kasangulu,-4.5911,15.1708,69.22,94,96,2.44,CD,2022-02-07 05:02:28,Clouds
456,Ust-Maya,60.4167,134.5333,-14.67,89,91,2.3,RU,2022-02-07 05:02:28,Clouds
457,Karatau,43.1667,70.4667,33.93,69,94,8.66,KZ,2022-02-07 05:02:29,Clouds
458,Christiansburg,37.1298,-80.4089,26.8,74,0,0.0,US,2022-02-07 05:02:29,Clear
459,Adre,13.4667,22.2,54.68,24,0,17.58,TD,2022-02-07 05:02:30,Clear
460,Kropotkin,45.4375,40.5756,31.42,92,99,5.97,RU,2022-02-07 05:02:30,Clouds
461,Panino,51.6467,40.1346,28.17,98,85,6.93,RU,2022-02-07 05:02:31,Clouds
462,Sedkyrkeshch,61.75,50.9167,17.87,93,100,6.71,RU,2022-02-07 05:02:31,Snow
463,Vallenar,-28.5708,-70.7581,67.64,59,0,1.41,CL,2022-02-07 05:02:31,Clear
464,Ust-Nera,64.5667,143.2,-17.23,86,21,1.9,RU,2022-02-07 05:02:32,Clouds
465,Las Cruces,32.3123,-106.7783,46.51,47,100,1.01,US,2022-02-07 05:01:34,Clouds
466,Kambove,-10.8764,26.5969,61.12,97,100,2.53,CD,2022-02-07 05:02:33,Rain
467,Roald,62.5833,6.1333,40.33,93,20,5.75,NO,2022-02-07 05:02:33,Clouds
468,Amapa,1.0,-52.0,70.12,100,100,0.81,BR,2022-02-07 05:03:34,Clouds
469,Berlevag,70.8578,29.0864,19.4,84,64,18.43,NO,2022-02-07 05:03:34,Clouds
470,Buraydah,26.326,43.975,51.53,44,0,4.47,SA,2022-02-07 05:03:34,Clear
471,Inhambane,-23.865,35.3833,78.8,71,85,15.3,MZ,2022-02-07 05:02:12,Clouds
472,Bulgan,48.8125,103.5347,13.42,63,10,2.73,MN,2022-02-07 05:03:35,Clear
473,High Level,58.5169,-117.136,26.71,93,40,4.61,CA,2022-02-07 04:58:43,Clouds
474,Ust-Ishim,57.6935,71.1665,6.67,89,100,6.53,RU,2022-02-07 05:03:36,Clouds
475,Ambilobe,-13.2,49.05,79.12,82,28,2.55,MG,2022-02-07 05:03:36,Clouds
476,Sibu,2.3,111.8167,74.88,96,100,0.58,MY,2022-02-07 05:03:37,Clouds
477,Arecibo,18.4724,-66.7157,74.01,97,31,12.35,PR,2022-02-07 05:03:38,Rain
478,Mehamn,71.0357,27.8492,23.18,81,87,12.75,NO,2022-02-07 05:01:39,Clouds
479,Uvat,59.1433,68.8953,11.08,87,100,8.79,RU,2022-02-07 05:03:39,Clouds
480,Port Macquarie,-31.4333,152.9167,72.9,59,76,15.14,AU,2022-02-07 05:03:34,Clouds
481,Burns Lake,54.2331,-125.7533,30.51,98,100,5.08,CA,2022-02-07 05:03:39,Clouds
482,Kudahuvadhoo,2.6708,72.8944,81.45,64,14,11.14,MV,2022-02-07 05:03:40,Clouds
483,Batsfjord,70.6345,29.7185,21.42,92,66,17.81,NO,2022-02-07 05:03:40,Clouds
484,Natal,-5.795,-35.2094,77.79,75,4,7.02,BR,2022-02-07 05:03:01,Clear
485,Haines Junction,60.7522,-137.5108,19.08,95,49,5.95,CA,2022-02-07 05:03:41,Clouds
486,Porto Novo,6.4965,2.6036,75.09,89,48,1.41,BJ,2022-02-07 05:03:42,Clouds
487,Cacapava Do Sul,-30.5122,-53.4914,53.76,64,0,4.27,BR,2022-02-07 05:03:42,Clear
488,Andenes,69.3143,16.1194,31.98,74,75,11.5,NO,2022-02-07 05:03:10,Clouds
489,Auki,-8.7676,160.7034,83.52,80,100,10.8,SB,2022-02-07 05:02:11,Clouds
490,Belaya Gora,68.5333,146.4167,-40.29,99,96,1.97,RU,2022-02-07 05:03:43,Clouds
491,Abu Dhabi,24.4667,54.3667,65.97,60,0,1.99,AE,2022-02-07 05:03:44,Clear
492,Alofi,-19.0595,-169.9187,80.49,89,100,2.3,NU,2022-02-07 05:03:44,Clouds
493,Port Lincoln,-34.7333,135.8667,79.57,47,1,18.39,AU,2022-02-07 05:01:53,Clear
494,Arlit,18.7369,7.3853,59.5,14,0,8.3,NE,2022-02-07 05:03:45,Clear
495,Panama City,8.9936,-79.5197,76.42,81,75,6.91,PA,2022-02-07 05:03:18,Clouds
496,Athabasca,54.7169,-113.2854,40.69,75,71,8.39,CA,2022-02-07 04:59:40,Clouds
497,Bolshevik,54.0065,27.5692,31.62,98,100,15.88,BY,2022-02-07 05:03:46,Snow
498,Paamiut,61.994,-49.6678,11.39,91,100,35.75,GL,2022-02-07 05:03:46,Snow
499,Misratah,32.3754,15.0925,57.18,75,81,1.83,LY,2022-02-07 05:03:47,Clouds
500,Lapithos,35.3375,33.1792,54.23,76,4,2.66,CY,2022-02-07 05:03:48,Clear
501,Mayo,38.8876,-76.5119,34.99,70,100,0.0,US,2022-02-07 05:03:48,Clouds
502,Camana,-16.6228,-72.7111,70.84,82,99,5.75,PE,2022-02-07 05:03:48,Clouds
503,Port Keats,-14.25,129.55,87.49,66,64,7.47,AU,2022-02-07 05:03:49,Clouds
504,Lubango,-14.9172,13.4925,61.68,45,100,4.05,AO,2022-02-07 05:03:49,Clouds
505,Luganville,-15.5333,167.1667,84.34,75,100,8.01,VU,2022-02-07 05:01:17,Rain
506,Caluquembe,-13.7833,14.6833,58.78,64,100,0.18,AO,2022-02-07 05:03:50,Clouds
507,Burnie,-41.0667,145.9167,71.94,53,0,8.9,AU,2022-02-07 05:03:51,Clear
508,Westerland,54.9079,8.3033,39.94,75,40,34.52,DE,2022-02-07 05:03:51,Clouds
509,Kirakira,-10.4544,161.9205,84.69,78,100,14.41,SB,2022-02-07 05:03:52,Clouds
510,Barrhead,55.7992,-4.3929,38.01,88,89,1.14,GB,2022-02-07 05:03:52,Clouds
511,Baruun-Urt,46.6806,113.2792,13.95,71,8,8.99,MN,2022-02-07 05:03:53,Clear
512,Kolno,53.4115,21.9291,33.91,80,96,12.64,PL,2022-02-07 05:04:53,Clouds
513,Bulnes,-36.7423,-72.2985,61.56,57,0,0.49,CL,2022-02-07 05:04:53,Clear
514,Santa Cruz,-17.8,-63.1667,76.28,49,97,11.5,BO,2022-02-07 05:01:26,Clouds
515,Baracoa,20.3467,-74.4958,73.69,83,92,10.38,CU,2022-02-07 05:04:54,Clouds
516,Mae Ramat,16.984,98.5166,88.05,42,52,3.67,TH,2022-02-07 05:04:55,Clouds
517,Mogadishu,2.0371,45.3438,78.08,73,78,22.48,SO,2022-02-07 05:00:14,Clouds
518,Clyde River,70.4692,-68.5914,-36.31,90,74,4.34,CA,2022-02-07 05:04:13,Clouds
519,Vila Franca Do Campo,37.7167,-25.4333,58.19,80,20,11.74,PT,2022-02-07 05:03:30,Clouds
520,Muros,42.7762,-9.0603,49.23,93,23,9.98,ES,2022-02-07 05:04:56,Clouds
521,Buluang,13.3068,123.3425,83.71,69,71,6.76,PH,2022-02-07 05:04:56,Clouds
522,Kailua,21.4022,-157.7394,75.18,76,18,4.0,US,2022-02-07 05:04:57,Clouds
523,Karratha,-20.7377,116.8463,91.33,57,79,14.34,AU,2022-02-07 05:04:57,Clouds
524,Havre-Saint-Pierre,50.2334,-63.5986,-0.04,85,100,16.11,CA,2022-02-07 05:03:38,Clouds
525,Beaverlodge,55.2166,-119.4361,29.12,85,100,4.7,CA,2022-02-07 05:01:48,Clouds
526,Ostrovnoy,68.0531,39.5131,11.16,88,18,17.0,RU,2022-02-07 05:04:58,Clouds
527,Boke,10.9409,-14.2967,67.1,91,13,1.66,GN,2022-02-07 05:04:59,Clouds
528,Villa Rica,33.7321,-84.9191,43.54,71,55,5.17,US,2022-02-07 05:04:59,Clouds
529,Thunder Bay,48.4001,-89.3168,5.56,77,20,3.44,CA,2022-02-07 05:00:38,Clouds
530,Shubarshi,48.5872,57.1869,12.58,96,99,7.25,KZ,2022-02-07 05:05:00,Clouds
531,Carballo,43.213,-8.691,47.52,94,47,2.39,ES,2022-02-07 05:05:01,Clouds
532,Rosarito,32.3333,-117.0333,65.43,32,0,7.54,MX,2022-02-07 05:00:50,Clear
533,Fairbanks,64.8378,-147.7164,-5.91,77,75,0.0,US,2022-02-07 05:03:50,Clouds
534,Warnes,-17.5,-63.1667,75.69,69,93,13.8,BO,2022-02-07 05:05:01,Clouds
535,Izvestkovyy,48.9833,131.55,10.26,68,83,7.16,RU,2022-02-07 05:05:02,Clouds
536,Dhidhdhoo,6.8833,73.1,80.46,70,16,10.07,MV,2022-02-07 05:03:56,Clouds
537,Massaguet,12.4755,15.4365,64.11,12,0,10.47,TD,2022-02-07 05:05:03,Clear
538,Marovoay,-16.1,46.6333,86.14,86,96,3.76,MG,2022-02-07 05:05:03,Rain
539,Pochutla,15.7432,-96.4661,76.82,80,0,3.13,MX,2022-02-07 05:05:04,Clear
540,Toyooka,35.5333,134.8333,38.28,95,100,0.81,JP,2022-02-07 05:05:04,Clouds
541,Correia Pinto,-27.5847,-50.3611,52.29,93,26,0.72,BR,2022-02-07 05:05:05,Clouds
542,Bongandanga,1.5,21.05,66.02,45,100,1.86,CD,2022-02-07 05:05:06,Clouds
543,Srednekolymsk,67.45,153.6833,-30.78,99,26,0.89,RU,2022-02-07 05:05:06,Clouds
544,Honiara,-9.4333,159.95,85.23,73,100,8.32,SB,2022-02-07 05:01:01,Clouds
545,San Policarpo,12.1791,125.5072,80.71,80,70,17.31,PH,2022-02-07 05:05:07,Clouds
546,Qandala,11.472,49.8728,76.14,57,26,5.73,SO,2022-02-07 05:05:07,Clouds
547,Waddan,29.1614,16.139,53.94,28,88,6.42,LY,2022-02-07 05:05:08,Clouds
548,Bella Union,-30.2752,-57.6007,60.39,52,0,5.26,UY,2022-02-07 05:05:09,Clear
549,Hoi An,15.8794,108.335,82.36,76,89,4.34,VN,2022-02-07 05:05:09,Clouds
550,Pafos,34.7667,32.4167,46.24,93,0,6.91,CY,2022-02-07 05:05:10,Clear
551,Coihaique,-45.5752,-72.0662,59.61,82,0,4.61,CL,2022-02-07 05:05:10,Clear
552,San-Pedro,4.7485,-6.6363,78.26,84,100,4.7,CI,2022-02-07 05:01:14,Clouds
553,Saint-Pierre,-21.3393,55.4781,82.08,69,0,4.61,RE,2022-02-07 05:03:26,Clear
554,Miri,4.4148,114.0089,83.17,75,99,5.03,MY,2022-02-07 05:05:11,Clouds
555,Ciudad Bolivar,8.1222,-63.5497,76.59,80,38,12.64,VE,2022-02-07 05:02:29,Clouds
556,Lagoa,39.05,-27.9833,59.49,83,6,16.51,PT,2022-02-07 05:06:12,Clear
557,Laguna De Perlas,12.3429,-83.6712,74.46,77,0,8.34,NI,2022-02-07 05:06:13,Clear
558,Rawson,-43.3002,-65.1023,62.92,55,0,16.58,AR,2022-02-07 05:03:09,Clear
559,Mizoch,50.4,26.15,37.24,90,100,14.38,UA,2022-02-07 05:06:13,Clouds
560,Mitsamiouli,-11.3847,43.2844,82.06,79,71,12.1,KM,2022-02-07 05:06:14,Rain
561,Dukat,62.55,155.55,-7.76,71,10,1.3,RU,2022-02-07 05:06:14,Clear
562,Tyrma,50.0833,132.1667,4.84,81,100,2.46,RU,2022-02-07 05:06:14,Clouds
563,Sao Jose Da Coroa Grande,-8.8978,-35.1478,79.3,71,70,4.54,BR,2022-02-07 05:06:15,Clouds
564,Stochov,50.1463,13.9635,34.36,90,92,20.22,CZ,2022-02-07 05:06:15,Clouds
565,Springbok,-29.6643,17.8865,72.43,42,0,4.18,ZA,2022-02-07 05:06:16,Clear
566,Arsenyev,44.1631,133.2733,14.99,67,100,7.16,RU,2022-02-07 05:05:36,Clouds
567,Xiuyan,40.2928,123.2744,30.38,30,80,5.53,CN,2022-02-07 05:06:16,Clouds
568,Nadym,65.5333,72.5167,-10.98,100,95,9.8,RU,2022-02-07 05:06:17,Clouds
569,Manta,-0.95,-80.7333,74.98,88,40,1.14,EC,2022-02-07 05:06:17,Clouds
570,Vigrestad,58.5667,5.7,38.88,74,41,34.58,NO,2022-02-07 05:06:18,Clouds
571,Fort Nelson,58.8053,-122.7002,21.36,90,96,2.82,CA,2022-02-07 05:01:23,Clouds
572,Hobyo,5.3505,48.5268,78.35,65,97,21.65,SO,2022-02-07 05:05:10,Clouds
573,Baie-Comeau,49.2168,-68.1489,12.2,79,100,8.05,CA,2022-02-07 05:01:36,Snow
574,Udachnyy,66.4167,112.4,-11.29,94,99,4.81,RU,2022-02-07 05:06:19,Clouds
575,Marakkanam,12.2,79.95,80.56,61,55,7.74,IN,2022-02-07 05:06:20,Clouds
576,Cururupu,-1.8283,-44.8683,74.39,96,100,2.53,BR,2022-02-07 05:06:21,Clouds
577,Namatanai,-3.6667,152.4333,85.01,70,100,7.92,PG,2022-02-07 05:06:21,Clouds
578,Bilma,18.6853,12.9164,55.51,18,0,8.7,NE,2022-02-07 05:06:22,Clear
579,Tevaitoa,-16.7833,-151.5,81.07,75,63,21.14,PF,2022-02-07 05:06:22,Rain
580,Sanming,26.2486,117.6186,51.66,98,94,2.86,CN,2022-02-07 05:06:22,Rain
581,Kutulik,53.3508,102.7839,18.59,84,97,4.05,RU,2022-02-07 05:06:23,Clouds
582,Santa Helena De Goias,-17.8136,-50.5969,69.85,96,98,2.73,BR,2022-02-07 05:06:23,Clouds
583,Okha,53.5739,142.9478,6.15,94,100,22.59,RU,2022-02-07 05:06:24,Snow
584,Sobolevo,54.4299,31.8996,29.86,95,100,14.92,RU,2022-02-07 05:06:25,Clouds
585,Kyren,51.6828,102.1408,22.5,75,77,1.34,RU,2022-02-07 05:06:25,Clouds
586,Ahuimanu,21.4447,-157.8378,74.91,73,40,5.01,US,2022-02-07 05:06:26,Clouds
587,Kieta,-6.2167,155.6333,85.6,73,100,10.94,PG,2022-02-07 05:06:26,Rain
588,Calvinia,-31.4707,19.776,74.48,35,0,3.24,ZA,2022-02-07 05:06:27,Clear
589,Konstantinovskiy,57.8301,39.5899,17.31,99,94,5.79,RU,2022-02-07 05:06:27,Clouds
590,Vardo,70.3705,31.1107,21.4,82,48,20.38,NO,2022-02-07 05:06:28,Clouds
591,Ridgetown,42.4334,-81.8998,24.67,91,50,10.22,CA,2022-02-07 05:06:28,Clouds
592,Eyl,7.9803,49.8164,77.2,66,100,18.48,SO,2022-02-07 05:06:28,Clouds
593,Tongliao,43.6125,122.2653,27.41,71,2,9.73,CN,2022-02-07 05:06:29,Clear
594,Fujin,47.26,132.0322,10.38,81,64,10.27,CN,2022-02-07 05:05:18,Clouds
595,Warrnambool,-38.3833,142.4833,87.82,55,0,14.74,AU,2022-02-07 05:06:30,Clear
596,Kokstad,-30.5472,29.4241,59.92,85,1,3.33,ZA,2022-02-07 05:06:30,Clear
597,Falavarjan,32.5553,51.5097,22.21,40,0,4.83,IR,2022-02-07 05:06:31,Clear
598,Sao Benedito Do Rio Preto,-3.3336,-43.5283,72.07,99,53,2.08,BR,2022-02-07 05:06:31,Clouds
599,Taonan,45.3333,122.7833,20.32,67,1,5.5,CN,2022-02-07 05:06:32,Clear
600,Saint-Louis,16.3333,-15.0,73.24,12,0,9.15,SN,2022-02-07 05:06:32,Clear
601,Guadalajara,20.6667,-103.3333,64.17,34,75,8.05,MX,2022-02-07 05:03:10,Clouds
602,Kazachka,53.3644,38.0694,25.07,95,98,11.41,RU,2022-02-07 05:07:33,Snow
603,Waianae,21.4434,-158.1859,75.15,69,75,0.0,US,2022-02-07 05:07:33,Clouds
604,Herzogenburg,48.2905,15.7314,44.1,85,100,18.03,AT,2022-02-07 05:07:34,Rain
605,Port Hardy,50.6996,-127.4199,47.75,91,100,15.26,CA,2022-02-07 05:03:41,Rain
606,Manokwari,-0.8667,134.0833,82.76,69,79,7.34,ID,2022-02-07 05:07:34,Clouds
607,Basqal,40.7552,48.391,27.12,36,13,5.77,AZ,2022-02-07 05:07:35,Clouds
608,Imbituba,-28.24,-48.6703,75.09,81,60,5.57,BR,2022-02-07 05:07:36,Clouds
609,Sembe,1.6481,14.5806,65.21,38,26,1.07,CG,2022-02-07 05:07:36,Clouds
610,Inta,66.0317,60.1659,9.9,85,100,4.23,RU,2022-02-07 05:07:36,Clouds
611,Kanniyakumari,8.0833,77.5667,83.08,58,74,14.27,IN,2022-02-07 05:06:02,Clouds
612,Mamit,23.9333,92.4833,65.23,56,20,5.75,IN,2022-02-07 05:07:37,Haze
613,Ati,13.2154,18.3353,60.31,17,1,10.94,TD,2022-02-07 05:07:38,Clear
614,Rehoboth,-23.3167,17.0833,67.48,72,99,9.51,NA,2022-02-07 05:07:38,Rain
615,Pitimbu,-7.4706,-34.8086,75.79,73,8,7.05,BR,2022-02-07 05:07:39,Clear
616,Tokur,53.1333,132.9,1.04,79,88,1.23,RU,2022-02-07 05:07:39,Clouds
617,Muscat,23.6139,58.5922,69.82,56,0,16.69,OM,2022-02-07 05:06:46,Clear
618,Bilibino,68.0546,166.4372,-13.77,77,20,4.79,RU,2022-02-07 05:07:33,Clouds
619,Bagacay,12.9821,124.1415,81.88,76,90,13.89,PH,2022-02-07 05:07:40,Clouds
620,Nanortalik,60.1432,-45.2371,17.06,76,100,55.19,GL,2022-02-07 05:04:13,Clouds
621,Lagos,6.5833,3.75,72.68,96,21,1.28,NG,2022-02-07 05:07:04,Clouds
622,Yueyang,29.3333,113.0919,34.59,99,100,9.55,CN,2022-02-07 05:07:41,Clouds
623,Verkh-Usugli,52.7,115.1667,14.59,68,28,1.28,RU,2022-02-07 05:07:42,Clouds
624,Humberto De Campos,-2.5983,-43.4611,75.06,93,47,3.89,BR,2022-02-07 05:07:42,Clouds
625,Floro,61.5996,5.0328,39.96,81,40,19.57,NO,2022-02-07 05:07:43,Clouds
626,Hambantota,6.1241,81.1185,82.74,74,40,5.75,LK,2022-02-07 05:07:43,Clouds
627,Nome,64.5011,-165.4064,-9.33,59,0,16.11,US,2022-02-07 05:07:44,Clear
628,Wuwei,37.9281,102.6414,19.2,72,79,4.9,CN,2022-02-07 05:07:44,Clouds
629,Ivisan,11.5217,122.6908,83.77,65,56,12.01,PH,2022-02-07 05:07:45,Clouds
630,Yarega,63.4354,53.5765,13.84,90,100,8.05,RU,2022-02-07 05:07:45,Clouds
631,Sioux Lookout,50.1001,-91.917,-11.45,100,80,4.09,CA,2022-02-07 05:04:17,Clouds
632,Jijiang,29.2906,106.2542,45.5,80,100,8.34,CN,2022-02-07 05:07:46,Clouds
633,Taltal,-25.4,-70.4833,64.92,84,4,0.96,CL,2022-02-07 05:07:46,Clear
634,Lethem,3.3803,-59.7968,76.24,81,99,10.27,GY,2022-02-07 05:07:47,Clouds
635,Keflavik,64.0049,-22.5624,34.23,100,100,56.39,IS,2022-02-07 05:07:48,Snow
636,Olafsvik,64.8945,-23.7142,34.45,94,100,47.85,IS,2022-02-07 05:07:48,Snow
637,Iralaya,15.0,-83.2333,73.24,72,4,7.16,HN,2022-02-07 05:07:49,Clear
638,Yulara,-25.2406,130.9889,94.84,16,0,12.66,AU,2022-02-07 05:07:49,Clear
639,Wageningen,51.9667,5.6667,42.93,79,75,16.11,NL,2022-02-07 05:05:03,Clouds
640,Rio Grande,-32.035,-52.0986,59.11,61,0,15.48,BR,2022-02-07 05:07:50,Clear
641,Tuy Hoa,13.0833,109.3,78.6,79,63,8.19,VN,2022-02-07 05:03:55,Clouds
642,Gberia Fotombu,9.8833,-11.1667,66.11,20,8,0.45,SL,2022-02-07 05:07:50,Clear
643,Nouadhibou,20.931,-17.0347,64.71,78,96,11.36,MR,2022-02-07 05:07:51,Clouds
644,Marawi,7.9986,124.2928,73.65,52,66,7.54,PH,2022-02-07 05:03:40,Clouds
645,Jinhua,29.1078,119.6547,34.32,100,100,0.94,CN,2022-02-07 05:07:52,Snow
